customerKey,customerSortKey,firstName,lastName,email,gender,birthdate
1,CUSTOMER,Andy,Chalice,achalice0@posterous.com,M,7/10/2021
2,CUSTOMER,Moise,Lievesley,mlievesley1@nifty.com,M,7/6/2021
3,CUSTOMER,Christopher,Capelle,ccapelle2@weebly.com,M,10/9/2020
4,CUSTOMER,Dru,Foss,dfoss3@blogspot.com,M,4/25/2021
5,CUSTOMER,Erinna,Mulran,emulran4@pagesperso-orange.fr,F,2/20/2021
6,CUSTOMER,Lloyd,Jeynes,ljeynes5@imageshack.us,M,5/1/2021
7,CUSTOMER,Joycelin,Cromar,jcromar6@jugem.jp,F,7/22/2020
8,CUSTOMER,Thatch,Crother,tcrother7@bloglines.com,M,12/22/2020
9,CUSTOMER,Amberly,Sarath,asarath8@photobucket.com,F,6/7/2021
10,CUSTOMER,Joyann,Jelkes,jjelkes9@oakley.com,F,1/18/2021
11,CUSTOMER,Barnabas,Dransfield,bdransfielda@psu.edu,M,7/13/2021
12,CUSTOMER,Sue,Dunbobbin,sdunbobbinb@about.me,F,3/19/2021
13,CUSTOMER,Kandy,Kingsbury,kkingsburyc@bandcamp.com,F,5/29/2021
14,CUSTOMER,Ree,Valder,rvalderd@linkedin.com,F,5/25/2021
15,CUSTOMER,Zackariah,Pettet,zpettete@yahoo.com,M,1/13/2021
16,CUSTOMER,Laurette,Van den Broek,lvandenbroekf@mayoclinic.com,F,5/14/2021
17,CUSTOMER,Natalya,Inggall,ninggallg@boston.com,F,2/28/2021
18,CUSTOMER,Reggy,Segrave,rsegraveh@economist.com,M,7/22/2020
19,CUSTOMER,Shanan,Gumly,sgumlyi@slideshare.net,M,7/27/2020
20,CUSTOMER,Eldredge,Woonton,ewoontonj@aboutads.info,M,10/22/2020
21,CUSTOMER,Oren,Tumulty,otumultyk@marketwatch.com,M,6/1/2021
22,CUSTOMER,Peg,Clover,pcloverl@weebly.com,F,8/9/2020
23,CUSTOMER,Pauly,Listone,plistonem@ftc.gov,M,12/2/2020
24,CUSTOMER,Niles,Olyfat,nolyfatn@over-blog.com,M,9/5/2020
25,CUSTOMER,Cherye,Vallantine,cvallantineo@nature.com,F,11/30/2020
26,CUSTOMER,Julissa,Reiach,jreiachp@altervista.org,F,11/19/2020
27,CUSTOMER,Lilah,Blanden,lblandenq@bing.com,F,12/16/2020
28,CUSTOMER,Kermie,Silcocks,ksilcocksr@usgs.gov,M,7/22/2020
29,CUSTOMER,Kyla,Reffe,kreffes@dot.gov,F,11/1/2020
30,CUSTOMER,Benson,Palffrey,bpalffreyt@mtv.com,M,3/18/2021
31,CUSTOMER,Hephzibah,Lince,hlinceu@goodreads.com,F,12/24/2020
32,CUSTOMER,Friedrick,Billborough,fbillboroughv@chron.com,M,8/2/2020
33,CUSTOMER,Mildrid,Furlong,mfurlongw@jalbum.net,F,10/15/2020
34,CUSTOMER,Padraig,Maryman,pmarymanx@umich.edu,M,8/27/2020
35,CUSTOMER,Curtis,Fredy,cfredyy@state.tx.us,M,2/2/2021
36,CUSTOMER,Elliott,Georgievski,egeorgievskiz@comcast.net,M,7/16/2021
37,CUSTOMER,Karol,De la Eglise,kdelaeglise10@opensource.org,F,12/21/2020
38,CUSTOMER,Gleda,Basketfield,gbasketfield11@whitehouse.gov,F,7/24/2020
39,CUSTOMER,Lauretta,Beaze,lbeaze12@sogou.com,F,2/25/2021
40,CUSTOMER,Lexis,Rulton,lrulton13@histats.com,F,2/13/2021
41,CUSTOMER,Fredrika,Redhouse,fredhouse14@harvard.edu,F,4/18/2021
42,CUSTOMER,Bernita,Hendron,bhendron15@nifty.com,F,12/12/2020
43,CUSTOMER,Jody,Haylor,jhaylor16@bbc.co.uk,F,9/23/2020
44,CUSTOMER,Jess,O' Scallan,joscallan17@imgur.com,F,9/26/2020
45,CUSTOMER,Paco,Decaze,pdecaze18@spiegel.de,M,1/20/2021
46,CUSTOMER,Burke,Parlor,bparlor19@friendfeed.com,M,7/11/2021
47,CUSTOMER,Ibbie,Bondley,ibondley1a@wordpress.com,F,6/9/2021
48,CUSTOMER,Merle,Maleby,mmaleby1b@hao123.com,F,8/20/2020
49,CUSTOMER,Bryce,Hanson,bhanson1c@issuu.com,M,6/2/2021
50,CUSTOMER,Roddie,Bromfield,rbromfield1d@theglobeandmail.com,M,7/18/2021
51,CUSTOMER,Jerrilyn,Wayne,jwayne1e@princeton.edu,F,4/29/2021
52,CUSTOMER,Kizzie,Muxworthy,kmuxworthy1f@smugmug.com,F,1/22/2021
53,CUSTOMER,Lorena,MacLaren,lmaclaren1g@google.co.uk,F,10/31/2020
54,CUSTOMER,Eleonora,Gilsthorpe,egilsthorpe1h@yahoo.co.jp,F,7/13/2021
55,CUSTOMER,Felizio,Bobasch,fbobasch1i@ebay.com,M,4/5/2021
56,CUSTOMER,Odo,Heningham,oheningham1j@mtv.com,M,10/29/2020
57,CUSTOMER,Madella,Baldung,mbaldung1k@imgur.com,F,10/8/2020
58,CUSTOMER,Finn,Moland,fmoland1l@msu.edu,M,8/27/2020
59,CUSTOMER,Franciskus,Calladine,fcalladine1m@vimeo.com,M,3/10/2021
60,CUSTOMER,Arch,Lewing,alewing1n@nytimes.com,M,10/21/2020
61,CUSTOMER,Henrik,Garr,hgarr1o@reuters.com,M,3/22/2021
62,CUSTOMER,Kahlil,Drayton,kdrayton1p@baidu.com,M,4/29/2021
63,CUSTOMER,Lauren,Garlinge,lgarlinge1q@creativecommons.org,F,5/20/2021
64,CUSTOMER,Louise,Crawforth,lcrawforth1r@narod.ru,F,3/7/2021
65,CUSTOMER,Siffre,Tume,stume1s@fc2.com,M,1/15/2021
66,CUSTOMER,Loraine,Baser,lbaser1t@redcross.org,F,6/4/2021
67,CUSTOMER,Bjorn,Jales,bjales1u@t.co,M,11/21/2020
68,CUSTOMER,Pren,Bird,pbird1v@w3.org,M,8/26/2020
69,CUSTOMER,Mikol,Spiring,mspiring1w@last.fm,M,1/22/2021
70,CUSTOMER,Kelcey,Ecclestone,kecclestone1x@zimbio.com,F,8/7/2020
71,CUSTOMER,Nonnah,McCandless,nmccandless1y@wired.com,F,9/15/2020
72,CUSTOMER,Nikolaos,Climson,nclimson1z@bing.com,M,1/12/2021
73,CUSTOMER,Davide,Ledgley,dledgley20@smugmug.com,M,6/24/2021
74,CUSTOMER,Rosene,Daveren,rdaveren21@issuu.com,F,11/15/2020
75,CUSTOMER,Sunny,Gottschalk,sgottschalk22@tmall.com,F,6/20/2021
76,CUSTOMER,Abelard,Dufton,adufton23@ebay.co.uk,M,8/29/2020
77,CUSTOMER,Halsy,McConnell,hmcconnell24@tinyurl.com,M,2/6/2021
78,CUSTOMER,Odo,Cominotti,ocominotti25@ca.gov,M,8/22/2020
79,CUSTOMER,Yasmeen,Brumfield,ybrumfield26@sourceforge.net,F,2/26/2021
80,CUSTOMER,Ian,Durtnel,idurtnel27@1und1.de,M,6/7/2021
81,CUSTOMER,Giulia,Loyndon,gloyndon28@etsy.com,F,4/15/2021
82,CUSTOMER,Angus,Romans,aromans29@upenn.edu,M,1/17/2021
83,CUSTOMER,Rurik,Pletts,rpletts2a@instagram.com,M,4/20/2021
84,CUSTOMER,Marten,Jarville,mjarville2b@sakura.ne.jp,M,4/5/2021
85,CUSTOMER,Sasha,Scarffe,sscarffe2c@twitpic.com,F,12/6/2020
86,CUSTOMER,Klemens,Ninnotti,kninnotti2d@seattletimes.com,M,12/26/2020
87,CUSTOMER,Malissa,Andreix,mandreix2e@blogger.com,F,8/11/2020
88,CUSTOMER,Joice,Alderman,jalderman2f@instagram.com,F,5/19/2021
89,CUSTOMER,Cecilia,Ornillos,cornillos2g@addtoany.com,F,3/5/2021
90,CUSTOMER,Alexina,Ketchell,aketchell2h@yahoo.co.jp,F,11/12/2020
91,CUSTOMER,Emilie,Gorling,egorling2i@weebly.com,F,8/12/2020
92,CUSTOMER,Eran,Coppock.,ecoppock2j@prnewswire.com,F,3/25/2021
93,CUSTOMER,Casper,Fraser,cfraser2k@webs.com,M,7/5/2021
94,CUSTOMER,Thedrick,McBrier,tmcbrier2l@seattletimes.com,M,2/19/2021
95,CUSTOMER,Dickie,Coulton,dcoulton2m@vk.com,M,1/15/2021
96,CUSTOMER,Burtie,Mackerel,bmackerel2n@creativecommons.org,M,12/16/2020
97,CUSTOMER,Berty,Scotti,bscotti2o@histats.com,M,8/25/2020
98,CUSTOMER,Templeton,Breazeall,tbreazeall2p@skype.com,M,7/26/2020
99,CUSTOMER,Bengt,Selvester,bselvester2q@twitpic.com,M,12/9/2020
100,CUSTOMER,Callean,Rulten,crulten2r@istockphoto.com,M,4/29/2021
101,CUSTOMER,Salaidh,Delhay,sdelhay2s@dot.gov,F,6/28/2021
102,CUSTOMER,Culley,Neubigging,cneubigging2t@dailymotion.com,M,4/2/2021
103,CUSTOMER,Leicester,Bambery,lbambery2u@phoca.cz,M,8/27/2020
104,CUSTOMER,Kylynn,Freckleton,kfreckleton2v@eepurl.com,F,3/24/2021
105,CUSTOMER,Eve,Tregidgo,etregidgo2w@behance.net,F,12/3/2020
106,CUSTOMER,Olia,Damsell,odamsell2x@dailymotion.com,F,10/9/2020
107,CUSTOMER,Humfrid,Dansie,hdansie2y@photobucket.com,M,2/12/2021
108,CUSTOMER,Lenci,Praill,lpraill2z@ca.gov,M,2/17/2021
109,CUSTOMER,Duane,Marrow,dmarrow30@bandcamp.com,M,4/23/2021
110,CUSTOMER,Ronna,Gibbeson,rgibbeson31@seattletimes.com,F,1/21/2021
111,CUSTOMER,Kent,Dwyer,kdwyer32@e-recht24.de,M,6/25/2021
112,CUSTOMER,Duke,Creane,dcreane33@soundcloud.com,M,12/11/2020
113,CUSTOMER,Min,Bakhrushin,mbakhrushin34@w3.org,F,12/13/2020
114,CUSTOMER,Broderick,De Gregorio,bdegregorio35@wsj.com,M,10/29/2020
115,CUSTOMER,Willy,Newe,wnewe36@altervista.org,M,2/21/2021
116,CUSTOMER,Susannah,Davydoch,sdavydoch37@nhs.uk,F,8/31/2020
117,CUSTOMER,Friedrich,Sharratt,fsharratt38@ning.com,M,8/10/2020
118,CUSTOMER,Cammy,Speers,cspeers39@blogspot.com,F,10/25/2020
119,CUSTOMER,Royall,Guynemer,rguynemer3a@imageshack.us,M,1/14/2021
120,CUSTOMER,Janean,Benech,jbenech3b@opera.com,F,7/10/2021
121,CUSTOMER,Morgun,Litherland,mlitherland3c@t-online.de,M,2/26/2021
122,CUSTOMER,Chev,Tinsey,ctinsey3d@weibo.com,M,6/22/2021
123,CUSTOMER,Rossie,Frantzen,rfrantzen3e@wordpress.com,M,1/8/2021
124,CUSTOMER,Guillaume,Todarello,gtodarello3f@unc.edu,M,8/10/2020
125,CUSTOMER,Wolf,Dooney,wdooney3g@is.gd,M,5/2/2021
126,CUSTOMER,Silvester,Neat,sneat3h@psu.edu,M,4/13/2021
127,CUSTOMER,Kasper,Vaudre,kvaudre3i@netvibes.com,M,6/9/2021
128,CUSTOMER,Bourke,Danzey,bdanzey3j@cnn.com,M,6/7/2021
129,CUSTOMER,Tann,Kender,tkender3k@fc2.com,M,5/12/2021
130,CUSTOMER,Wendie,Minichi,wminichi3l@fc2.com,F,6/26/2021
131,CUSTOMER,Eustace,Jeandot,ejeandot3m@mlb.com,M,3/16/2021
132,CUSTOMER,Dorisa,Crowthe,dcrowthe3n@sogou.com,F,9/25/2020
133,CUSTOMER,Ynez,Limpricht,ylimpricht3o@acquirethisname.com,F,7/4/2021
134,CUSTOMER,Babs,Stuck,bstuck3p@tamu.edu,F,11/18/2020
135,CUSTOMER,Raquel,Tabb,rtabb3q@cocolog-nifty.com,F,6/15/2021
136,CUSTOMER,Reid,Caldero,rcaldero3r@bluehost.com,M,10/28/2020
137,CUSTOMER,Randall,Boullen,rboullen3s@psu.edu,M,4/20/2021
138,CUSTOMER,Gregory,Blindermann,gblindermann3t@xing.com,M,7/17/2021
139,CUSTOMER,Yvor,Conyer,yconyer3u@arizona.edu,M,4/21/2021
140,CUSTOMER,Shell,Streetley,sstreetley3v@pinterest.com,M,8/9/2020
141,CUSTOMER,Isabelle,Aubry,iaubry3w@telegraph.co.uk,F,8/14/2020
142,CUSTOMER,Alida,Dykins,adykins3x@hugedomains.com,F,4/23/2021
143,CUSTOMER,Doreen,Caslake,dcaslake3y@slate.com,F,8/21/2020
144,CUSTOMER,Torrin,Matyugin,tmatyugin3z@slate.com,M,8/7/2020
145,CUSTOMER,Regine,Coraini,rcoraini40@vistaprint.com,F,12/26/2020
146,CUSTOMER,Chic,Blade,cblade41@redcross.org,M,5/9/2021
147,CUSTOMER,Kali,Reynault,kreynault42@berkeley.edu,F,7/1/2021
148,CUSTOMER,Claybourne,Jeannenet,cjeannenet43@ifeng.com,M,12/6/2020
149,CUSTOMER,Grete,Sugge,gsugge44@nature.com,F,2/20/2021
150,CUSTOMER,Benetta,Spatari,bspatari45@bravesites.com,F,1/5/2021
151,CUSTOMER,Norina,McSwan,nmcswan46@addtoany.com,F,10/14/2020
152,CUSTOMER,Esmeralda,Jorger,ejorger47@youtu.be,F,8/26/2020
153,CUSTOMER,Gaylene,Pinchback,gpinchback48@clickbank.net,F,10/7/2020
154,CUSTOMER,Otis,Eastham,oeastham49@nasa.gov,M,6/18/2021
155,CUSTOMER,Titus,Dallison,tdallison4a@devhub.com,M,7/1/2021
156,CUSTOMER,Tara,Meadley,tmeadley4b@netscape.com,F,12/27/2020
157,CUSTOMER,Herminia,Brasener,hbrasener4c@tamu.edu,F,9/13/2020
158,CUSTOMER,Jon,Tillyer,jtillyer4d@linkedin.com,M,12/18/2020
159,CUSTOMER,Mac,Munt,mmunt4e@washington.edu,M,11/20/2020
160,CUSTOMER,Mano,Spiby,mspiby4f@msu.edu,M,4/3/2021
161,CUSTOMER,Ronica,Pinshon,rpinshon4g@linkedin.com,F,1/9/2021
162,CUSTOMER,Ignazio,Giuroni,igiuroni4h@nsw.gov.au,M,11/2/2020
163,CUSTOMER,Bellina,Cresar,bcresar4i@jiathis.com,F,11/11/2020
164,CUSTOMER,Fredrika,Di Carlo,fdicarlo4j@elpais.com,F,9/25/2020
165,CUSTOMER,Daryl,Judkins,djudkins4k@theglobeandmail.com,M,12/31/2020
166,CUSTOMER,Christal,Woodier,cwoodier4l@geocities.com,F,3/2/2021
167,CUSTOMER,Barnaby,Dallimare,bdallimare4m@xinhuanet.com,M,3/1/2021
168,CUSTOMER,Sebastian,Hoodlass,shoodlass4n@livejournal.com,M,5/10/2021
169,CUSTOMER,Teresina,Emma,temma4o@google.co.uk,F,5/12/2021
170,CUSTOMER,Camey,Flitcroft,cflitcroft4p@dropbox.com,M,11/18/2020
171,CUSTOMER,Tate,Marieton,tmarieton4q@barnesandnoble.com,M,4/17/2021
172,CUSTOMER,Louis,Elloy,lelloy4r@yandex.ru,M,9/3/2020
173,CUSTOMER,Lizbeth,Yushkov,lyushkov4s@vimeo.com,F,5/2/2021
174,CUSTOMER,Neile,Richten,nrichten4t@time.com,F,12/1/2020
175,CUSTOMER,Maible,Gerhardt,mgerhardt4u@comcast.net,F,11/16/2020
176,CUSTOMER,Georgena,Venners,gvenners4v@goo.ne.jp,F,2/18/2021
177,CUSTOMER,Gav,Confort,gconfort4w@dailymotion.com,M,4/18/2021
178,CUSTOMER,Edwin,Shelmerdine,eshelmerdine4x@examiner.com,M,12/5/2020
179,CUSTOMER,Gene,Flood,gflood4y@canalblog.com,F,5/8/2021
180,CUSTOMER,Broderick,Brodway,bbrodway4z@java.com,M,4/20/2021
181,CUSTOMER,Genevieve,Balogun,gbalogun50@infoseek.co.jp,F,12/25/2020
182,CUSTOMER,Gracia,Stewartson,gstewartson51@usda.gov,F,5/27/2021
183,CUSTOMER,Ashley,Sambells,asambells52@issuu.com,M,8/20/2020
184,CUSTOMER,Brigida,Iscowitz,biscowitz53@prweb.com,F,6/2/2021
185,CUSTOMER,Phyllida,Huleatt,phuleatt54@senate.gov,F,5/11/2021
186,CUSTOMER,Mariele,Watton,mwatton55@people.com.cn,F,7/23/2020
187,CUSTOMER,Martie,Leadley,mleadley56@dropbox.com,F,11/28/2020
188,CUSTOMER,Blaire,Ratchford,bratchford57@webs.com,F,8/3/2020
189,CUSTOMER,Raymund,Delyth,rdelyth58@youku.com,M,6/30/2021
190,CUSTOMER,Karlen,Rodwell,krodwell59@pbs.org,F,10/22/2020
191,CUSTOMER,Hugo,Strotton,hstrotton5a@digg.com,M,10/27/2020
192,CUSTOMER,Dur,Byneth,dbyneth5b@google.com,M,10/11/2020
193,CUSTOMER,Magdalena,Smeal,msmeal5c@yellowbook.com,F,8/12/2020
194,CUSTOMER,Berry,Kall,bkall5d@php.net,F,11/6/2020
195,CUSTOMER,Moishe,Wiley,mwiley5e@hc360.com,M,4/28/2021
196,CUSTOMER,Keene,Millis,kmillis5f@geocities.jp,M,3/23/2021
197,CUSTOMER,Rube,Francescoccio,rfrancescoccio5g@seesaa.net,M,5/31/2021
198,CUSTOMER,Lib,Hogbourne,lhogbourne5h@mit.edu,F,1/20/2021
199,CUSTOMER,Abbye,Staig,astaig5i@columbia.edu,F,3/22/2021
200,CUSTOMER,Julina,Yo,jyo5j@wp.com,F,1/30/2021
201,CUSTOMER,Corbie,Rentilll,crentilll5k@theguardian.com,M,9/5/2020
202,CUSTOMER,Garfield,Woodrooffe,gwoodrooffe5l@newyorker.com,M,8/13/2020
203,CUSTOMER,Moyra,Davenall,mdavenall5m@squidoo.com,F,1/3/2021
204,CUSTOMER,Lonni,Pitson,lpitson5n@forbes.com,F,10/1/2020
205,CUSTOMER,Orran,Levine,olevine5o@wordpress.org,M,6/9/2021
206,CUSTOMER,Demeter,Balle,dballe5p@jalbum.net,F,11/1/2020
207,CUSTOMER,Jenelle,Braniff,jbraniff5q@archive.org,F,6/8/2021
208,CUSTOMER,Ivor,Gwillim,igwillim5r@twitpic.com,M,8/27/2020
209,CUSTOMER,Malinde,Whitefoot,mwhitefoot5s@paginegialle.it,F,4/23/2021
210,CUSTOMER,Gina,Billitteri,gbillitteri5t@desdev.cn,F,5/15/2021
211,CUSTOMER,Coralie,Arrighini,carrighini5u@imageshack.us,F,12/9/2020
212,CUSTOMER,Gaven,Minnette,gminnette5v@narod.ru,M,6/13/2021
213,CUSTOMER,Ivett,Brittlebank,ibrittlebank5w@facebook.com,F,2/25/2021
214,CUSTOMER,Chandal,Catterall,ccatterall5x@ovh.net,F,9/12/2020
215,CUSTOMER,Donal,Bahlmann,dbahlmann5y@statcounter.com,M,11/16/2020
216,CUSTOMER,Kris,Dohmann,kdohmann5z@jugem.jp,F,5/14/2021
217,CUSTOMER,Skippy,Pull,spull60@archive.org,M,4/22/2021
218,CUSTOMER,Thorin,Noton,tnoton61@jimdo.com,M,7/25/2020
219,CUSTOMER,Jose,Gildersleeve,jgildersleeve62@dropbox.com,M,6/30/2021
220,CUSTOMER,Kean,Sandhill,ksandhill63@japanpost.jp,M,2/24/2021
221,CUSTOMER,Jerri,Cescon,jcescon64@bravesites.com,M,3/11/2021
222,CUSTOMER,Toiboid,Hearse,thearse65@pen.io,M,10/11/2020
223,CUSTOMER,Melita,Whalebelly,mwhalebelly66@mediafire.com,F,1/13/2021
224,CUSTOMER,Byron,Cluitt,bcluitt67@sogou.com,M,10/24/2020
225,CUSTOMER,Mallory,Mahaddy,mmahaddy68@hibu.com,F,12/28/2020
226,CUSTOMER,Carson,Choulerton,cchoulerton69@state.tx.us,M,7/20/2020
227,CUSTOMER,Mick,Leppingwell,mleppingwell6a@epa.gov,M,8/2/2020
228,CUSTOMER,Peggy,Disbrey,pdisbrey6b@digg.com,F,6/25/2021
229,CUSTOMER,Theresina,Stiegars,tstiegars6c@g.co,F,10/26/2020
230,CUSTOMER,Elsinore,Thomtson,ethomtson6d@ucla.edu,F,3/8/2021
231,CUSTOMER,Garvin,Yegorshin,gyegorshin6e@biblegateway.com,M,7/30/2020
232,CUSTOMER,Mic,Lilliman,mlilliman6f@google.com.hk,M,11/3/2020
233,CUSTOMER,Barbara,Cadge,bcadge6g@bizjournals.com,F,5/25/2021
234,CUSTOMER,Carolynn,Lamba,clamba6h@ihg.com,F,9/7/2020
235,CUSTOMER,Camile,Ingliby,cingliby6i@is.gd,F,9/16/2020
236,CUSTOMER,Guthrey,Coneybeare,gconeybeare6j@dagondesign.com,M,10/28/2020
237,CUSTOMER,Veronike,Saker,vsaker6k@netlog.com,F,2/2/2021
238,CUSTOMER,Guglielma,Rispin,grispin6l@twitpic.com,F,10/15/2020
239,CUSTOMER,Shirlee,Clewlowe,sclewlowe6m@360.cn,F,3/21/2021
240,CUSTOMER,Adena,Bartosch,abartosch6n@japanpost.jp,F,1/31/2021
241,CUSTOMER,Merilyn,Ancliff,mancliff6o@blog.com,F,11/11/2020
242,CUSTOMER,Forrester,Marini,fmarini6p@goo.gl,M,9/9/2020
243,CUSTOMER,Heinrik,Ebbett,hebbett6q@twitpic.com,M,2/2/2021
244,CUSTOMER,Ginelle,Heckle,gheckle6r@webmd.com,F,7/3/2021
245,CUSTOMER,Tabb,Kolczynski,tkolczynski6s@phpbb.com,M,12/23/2020
246,CUSTOMER,Hedy,Chasle,hchasle6t@japanpost.jp,F,11/24/2020
247,CUSTOMER,Laurianne,O'Cannovane,locannovane6u@yellowbook.com,F,10/12/2020
248,CUSTOMER,Yasmin,O'Kielt,yokielt6v@si.edu,F,7/5/2021
249,CUSTOMER,Olivette,Ellicott,oellicott6w@sbwire.com,F,9/7/2020
250,CUSTOMER,Alister,Petyanin,apetyanin6x@yahoo.co.jp,M,6/4/2021
251,CUSTOMER,Adeline,Ganniclifft,aganniclifft6y@apple.com,F,4/25/2021
252,CUSTOMER,Gavrielle,Dunk,gdunk6z@narod.ru,F,5/24/2021
253,CUSTOMER,Gifford,Slocumb,gslocumb70@shinystat.com,M,1/2/2021
254,CUSTOMER,Martie,Linham,mlinham71@sfgate.com,F,7/11/2021
255,CUSTOMER,Hertha,Hehnke,hhehnke72@opensource.org,F,8/16/2020
256,CUSTOMER,Malissa,Shackleford,mshackleford73@independent.co.uk,F,3/2/2021
257,CUSTOMER,Jacquetta,Dobrovsky,jdobrovsky74@springer.com,F,12/25/2020
258,CUSTOMER,Jilleen,Partener,jpartener75@yolasite.com,F,11/4/2020
259,CUSTOMER,Tremain,Jermyn,tjermyn76@qq.com,M,3/30/2021
260,CUSTOMER,Fanchon,Warrillow,fwarrillow77@slashdot.org,F,6/8/2021
261,CUSTOMER,Danya,Karpol,dkarpol78@cnbc.com,M,5/31/2021
262,CUSTOMER,Timmi,Kuzma,tkuzma79@ameblo.jp,F,2/27/2021
263,CUSTOMER,Stan,Tylor,stylor7a@china.com.cn,M,1/29/2021
264,CUSTOMER,Filbert,Cullagh,fcullagh7b@miibeian.gov.cn,M,4/22/2021
265,CUSTOMER,Breanne,Burrell,bburrell7c@washington.edu,F,12/18/2020
266,CUSTOMER,Hyacinthe,Gladdin,hgladdin7d@pen.io,F,6/16/2021
267,CUSTOMER,Fax,Dansken,fdansken7e@51.la,M,7/8/2021
268,CUSTOMER,Karil,Coggings,kcoggings7f@nps.gov,F,11/22/2020
269,CUSTOMER,Moses,Basire,mbasire7g@1688.com,M,10/31/2020
270,CUSTOMER,Kincaid,Fozard,kfozard7h@mlb.com,M,12/11/2020
271,CUSTOMER,Temp,Mathiot,tmathiot7i@mashable.com,M,11/16/2020
272,CUSTOMER,Deb,Sawter,dsawter7j@paginegialle.it,F,3/24/2021
273,CUSTOMER,Currie,Duesbury,cduesbury7k@ted.com,M,6/11/2021
274,CUSTOMER,Wallis,Brendeke,wbrendeke7l@1und1.de,F,6/1/2021
275,CUSTOMER,Emerson,Fuster,efuster7m@lycos.com,M,7/29/2020
276,CUSTOMER,Ariadne,Lamb-shine,alambshine7n@ed.gov,F,4/30/2021
277,CUSTOMER,Sully,Colbert,scolbert7o@flavors.me,M,7/16/2021
278,CUSTOMER,Augy,O' Borne,aoborne7p@ucoz.ru,M,1/24/2021
279,CUSTOMER,Melisa,Nardi,mnardi7q@gizmodo.com,F,4/17/2021
280,CUSTOMER,Jocko,Dandison,jdandison7r@altervista.org,M,8/20/2020
281,CUSTOMER,Abran,Lenden,alenden7s@nature.com,M,2/27/2021
282,CUSTOMER,Elmer,Rawson,erawson7t@salon.com,M,7/13/2021
283,CUSTOMER,Luca,Matskevich,lmatskevich7u@vkontakte.ru,M,7/12/2021
284,CUSTOMER,Maribel,Dingivan,mdingivan7v@si.edu,F,7/19/2020
285,CUSTOMER,Vite,Leatt,vleatt7w@google.de,M,10/17/2020
286,CUSTOMER,Gretna,Clampin,gclampin7x@about.me,F,7/16/2021
287,CUSTOMER,Mitch,Hovert,mhovert7y@slashdot.org,M,4/30/2021
288,CUSTOMER,Allyn,Claffey,aclaffey7z@tiny.cc,F,9/6/2020
289,CUSTOMER,Vivianne,Yemm,vyemm80@oaic.gov.au,F,4/23/2021
290,CUSTOMER,Dix,Alderwick,dalderwick81@merriam-webster.com,F,2/5/2021
291,CUSTOMER,Suki,Oldcote,soldcote82@wisc.edu,F,7/15/2021
292,CUSTOMER,Leeann,Luffman,lluffman83@berkeley.edu,F,9/11/2020
293,CUSTOMER,Welsh,Deverille,wdeverille84@wunderground.com,M,6/27/2021
294,CUSTOMER,Davida,Edgcombe,dedgcombe85@elegantthemes.com,F,5/30/2021
295,CUSTOMER,Wynn,Denerley,wdenerley86@usda.gov,M,8/15/2020
296,CUSTOMER,Brandon,Reidie,breidie87@businesswire.com,M,1/1/2021
297,CUSTOMER,Elita,Bladesmith,ebladesmith88@cdbaby.com,F,3/18/2021
298,CUSTOMER,Biddie,Sabater,bsabater89@newyorker.com,F,4/24/2021
299,CUSTOMER,Norton,Baldrick,nbaldrick8a@over-blog.com,M,12/6/2020
300,CUSTOMER,Noell,Bert,nbert8b@discuz.net,F,11/11/2020
301,CUSTOMER,Brody,Lehrmann,blehrmann8c@nytimes.com,M,8/22/2020
302,CUSTOMER,Mahmoud,Blakeslee,mblakeslee8d@cloudflare.com,M,2/14/2021
303,CUSTOMER,Tabatha,Maffin,tmaffin8e@mapquest.com,F,12/5/2020
304,CUSTOMER,Paul,Lerhinan,plerhinan8f@earthlink.net,M,3/4/2021
305,CUSTOMER,Bobina,Sirman,bsirman8g@bbb.org,F,11/30/2020
306,CUSTOMER,Hobard,Docksey,hdocksey8h@ning.com,M,9/12/2020
307,CUSTOMER,Nil,McCallion,nmccallion8i@state.tx.us,M,8/7/2020
308,CUSTOMER,Jamill,Pegden,jpegden8j@about.com,M,7/6/2021
309,CUSTOMER,Valeda,Littler,vlittler8k@chicagotribune.com,F,3/6/2021
310,CUSTOMER,Mateo,Monck,mmonck8l@pbs.org,M,1/19/2021
311,CUSTOMER,Derward,Gedney,dgedney8m@mail.ru,M,1/21/2021
312,CUSTOMER,Lorin,Ibanez,libanez8n@macromedia.com,M,10/22/2020
313,CUSTOMER,Alfonse,Ashcroft,aashcroft8o@networksolutions.com,M,9/22/2020
314,CUSTOMER,Erina,Readwood,ereadwood8p@furl.net,F,9/30/2020
315,CUSTOMER,Dela,Mazzeo,dmazzeo8q@cam.ac.uk,F,11/29/2020
316,CUSTOMER,Gregory,Lumsdall,glumsdall8r@economist.com,M,2/24/2021
317,CUSTOMER,Ted,Melluish,tmelluish8s@list-manage.com,F,12/2/2020
318,CUSTOMER,Dill,Fellona,dfellona8t@wsj.com,M,5/19/2021
319,CUSTOMER,Fields,Scamerdine,fscamerdine8u@nytimes.com,M,5/10/2021
320,CUSTOMER,Binky,Bowers,bbowers8v@behance.net,M,11/18/2020
321,CUSTOMER,Kristen,Veschi,kveschi8w@newyorker.com,F,9/22/2020
322,CUSTOMER,Crissy,Anglish,canglish8x@woothemes.com,F,5/19/2021
323,CUSTOMER,Anitra,Rama,arama8y@nih.gov,F,6/1/2021
324,CUSTOMER,Morgan,Shakshaft,mshakshaft8z@theglobeandmail.com,F,9/15/2020
325,CUSTOMER,Samuel,Monument,smonument90@constantcontact.com,M,6/14/2021
326,CUSTOMER,Yolanda,Deacock,ydeacock91@constantcontact.com,F,3/11/2021
327,CUSTOMER,Claus,Winwright,cwinwright92@hexun.com,M,5/6/2021
328,CUSTOMER,Shelden,Axtens,saxtens93@nhs.uk,M,5/7/2021
329,CUSTOMER,Gasparo,Potier,gpotier94@networksolutions.com,M,10/22/2020
330,CUSTOMER,Iorgos,Malyan,imalyan95@usa.gov,M,6/25/2021
331,CUSTOMER,Luis,Meco,lmeco96@trellian.com,M,4/28/2021
332,CUSTOMER,Adolf,Wootton,awootton97@twitpic.com,M,2/25/2021
333,CUSTOMER,Mab,Wardall,mwardall98@unesco.org,F,8/13/2020
334,CUSTOMER,Ambrosius,Marqyes,amarqyes99@accuweather.com,M,7/10/2021
335,CUSTOMER,Gallagher,Passmore,gpassmore9a@mozilla.org,M,12/9/2020
336,CUSTOMER,Davidde,Giacomuzzo,dgiacomuzzo9b@salon.com,M,12/16/2020
337,CUSTOMER,Filip,Foord,ffoord9c@apple.com,M,9/8/2020
338,CUSTOMER,Connor,Whysall,cwhysall9d@adobe.com,M,6/24/2021
339,CUSTOMER,Bary,Stern,bstern9e@miibeian.gov.cn,M,10/31/2020
340,CUSTOMER,Melli,Giorgielli,mgiorgielli9f@skype.com,F,1/3/2021
341,CUSTOMER,Essie,Ivatt,eivatt9g@ezinearticles.com,F,12/20/2020
342,CUSTOMER,Quillan,Tedstone,qtedstone9h@elegantthemes.com,M,4/9/2021
343,CUSTOMER,Jimmy,Bassingden,jbassingden9i@wikia.com,M,3/4/2021
344,CUSTOMER,Hilliary,Rowney,hrowney9j@ft.com,F,2/3/2021
345,CUSTOMER,Fran,Loughead,floughead9k@ftc.gov,M,9/14/2020
346,CUSTOMER,Sinclare,Hakey,shakey9l@si.edu,M,8/31/2020
347,CUSTOMER,Nikolaus,Arnaut,narnaut9m@thetimes.co.uk,M,3/9/2021
348,CUSTOMER,Steffen,Robertelli,srobertelli9n@google.com,M,3/2/2021
349,CUSTOMER,Sonia,Dybald,sdybald9o@icq.com,F,8/18/2020
350,CUSTOMER,Patricio,Hamerton,phamerton9p@umn.edu,M,3/28/2021
351,CUSTOMER,Tomi,Amoss,tamoss9q@oaic.gov.au,F,6/26/2021
352,CUSTOMER,Kai,Cheetham,kcheetham9r@telegraph.co.uk,F,6/9/2021
353,CUSTOMER,Des,Stallwood,dstallwood9s@amazonaws.com,M,3/13/2021
354,CUSTOMER,Corly,Loverock,cloverock9t@chronoengine.com,F,7/15/2021
355,CUSTOMER,Humfried,O'Meara,homeara9u@webs.com,M,5/19/2021
356,CUSTOMER,Mortie,Duckhouse,mduckhouse9v@craigslist.org,M,10/24/2020
357,CUSTOMER,Yanaton,Craggs,ycraggs9w@auda.org.au,M,9/25/2020
358,CUSTOMER,Hyacinthie,Kenneway,hkenneway9x@photobucket.com,F,7/25/2020
359,CUSTOMER,Akim,Eastop,aeastop9y@sbwire.com,M,3/10/2021
360,CUSTOMER,Seymour,Tollfree,stollfree9z@photobucket.com,M,2/28/2021
361,CUSTOMER,Rodd,Wytchard,rwytcharda0@de.vu,M,8/27/2020
362,CUSTOMER,Barri,Matuszynski,bmatuszynskia1@nytimes.com,M,9/24/2020
363,CUSTOMER,Leslie,Ottam,lottama2@xrea.com,F,5/18/2021
364,CUSTOMER,Adorne,Berthe,aberthea3@miitbeian.gov.cn,F,1/15/2021
365,CUSTOMER,Rickard,Adamsen,radamsena4@utexas.edu,M,4/13/2021
366,CUSTOMER,Arabele,Reucastle,areucastlea5@wp.com,F,1/15/2021
367,CUSTOMER,Pasquale,Echalier,pechaliera6@w3.org,M,9/22/2020
368,CUSTOMER,Jonathon,Kall,jkalla7@behance.net,M,1/13/2021
369,CUSTOMER,Jerrylee,Fell,jfella8@vk.com,F,3/7/2021
370,CUSTOMER,Gerhard,Ielden,gieldena9@amazon.com,M,7/17/2021
371,CUSTOMER,Berne,Banstead,bbansteadaa@cargocollective.com,M,7/22/2020
372,CUSTOMER,Duffie,Eudall,deudallab@infoseek.co.jp,M,3/7/2021
373,CUSTOMER,Dianemarie,Le Gallo,dlegalloac@fastcompany.com,F,1/9/2021
374,CUSTOMER,Austen,Stoving,astovingad@edublogs.org,M,8/29/2020
375,CUSTOMER,Terrance,Kimbley,tkimbleyae@a8.net,M,1/12/2021
376,CUSTOMER,Aylmer,Cordelette,acordeletteaf@hexun.com,M,12/7/2020
377,CUSTOMER,Vina,Slisby,vslisbyag@indiatimes.com,F,6/3/2021
378,CUSTOMER,Sigismond,Vasilkov,svasilkovah@boston.com,M,8/12/2020
379,CUSTOMER,Mavis,Roycroft,mroycroftai@google.nl,F,8/30/2020
380,CUSTOMER,Johann,Olenchikov,jolenchikovaj@eepurl.com,M,7/24/2020
381,CUSTOMER,Paul,Labell,plabellak@noaa.gov,M,10/11/2020
382,CUSTOMER,Rayna,Tupling,rtuplingal@hatena.ne.jp,F,2/12/2021
383,CUSTOMER,Eliza,Audley,eaudleyam@naver.com,F,5/2/2021
384,CUSTOMER,Lorenza,Laver,llaveran@csmonitor.com,F,8/23/2020
385,CUSTOMER,Efren,Benbow,ebenbowao@mtv.com,M,3/8/2021
386,CUSTOMER,Heindrick,Dunston,hdunstonap@stumbleupon.com,M,1/7/2021
387,CUSTOMER,Vachel,Grotty,vgrottyaq@arstechnica.com,M,5/18/2021
388,CUSTOMER,Min,Troy,mtroyar@illinois.edu,F,7/16/2021
389,CUSTOMER,Gar,Crassweller,gcrasswelleras@de.vu,M,8/11/2020
390,CUSTOMER,Tasha,Corkill,tcorkillat@paginegialle.it,F,8/1/2020
391,CUSTOMER,Kerr,MacIlurick,kmacilurickau@lycos.com,M,1/24/2021
392,CUSTOMER,Cherianne,Beert,cbeertav@weibo.com,F,10/24/2020
393,CUSTOMER,Del,Ezele,dezeleaw@stanford.edu,M,7/10/2021
394,CUSTOMER,Geoffry,Trayton,gtraytonax@technorati.com,M,4/17/2021
395,CUSTOMER,Sarene,Wraggs,swraggsay@themeforest.net,F,2/17/2021
396,CUSTOMER,Averell,Lamberto,alambertoaz@devhub.com,M,4/23/2021
397,CUSTOMER,Verile,Duligall,vduligallb0@ucsd.edu,F,7/10/2021
398,CUSTOMER,Saree,Crummy,scrummyb1@vimeo.com,F,4/5/2021
399,CUSTOMER,Alanah,Bowman,abowmanb2@nature.com,F,2/20/2021
400,CUSTOMER,Ade,Duell,aduellb3@jugem.jp,M,10/30/2020
401,CUSTOMER,Coletta,Gurge,cgurgeb4@acquirethisname.com,F,7/20/2020
402,CUSTOMER,Bobine,Darville,bdarvilleb5@hao123.com,F,10/30/2020
403,CUSTOMER,Sammie,Pooley,spooleyb6@gravatar.com,M,2/23/2021
404,CUSTOMER,Trevor,Rigler,triglerb7@typepad.com,M,11/11/2020
405,CUSTOMER,Lee,Adamovitch,ladamovitchb8@eepurl.com,M,1/9/2021
406,CUSTOMER,Dina,Wybrew,dwybrewb9@feedburner.com,F,8/5/2020
407,CUSTOMER,Cos,Leggs,cleggsba@drupal.org,M,11/12/2020
408,CUSTOMER,Gradey,Boultwood,gboultwoodbb@jimdo.com,M,7/23/2020
409,CUSTOMER,Shurwood,Szymonwicz,sszymonwiczbc@pagesperso-orange.fr,M,8/5/2020
410,CUSTOMER,Cort,Kerrigan,ckerriganbd@de.vu,M,2/27/2021
411,CUSTOMER,Cliff,Mallaby,cmallabybe@ca.gov,M,3/11/2021
412,CUSTOMER,Kareem,Lardner,klardnerbf@ehow.com,M,8/19/2020
413,CUSTOMER,Vic,Ritchard,vritchardbg@europa.eu,M,8/14/2020
414,CUSTOMER,Cornall,Kruschov,ckruschovbh@oakley.com,M,4/20/2021
415,CUSTOMER,Mikol,Gorrick,mgorrickbi@mediafire.com,M,8/20/2020
416,CUSTOMER,Jamima,Pratty,jprattybj@odnoklassniki.ru,F,10/17/2020
417,CUSTOMER,Beryle,Bourchier,bbourchierbk@nih.gov,F,8/22/2020
418,CUSTOMER,Tiphanie,Carlson,tcarlsonbl@free.fr,F,12/23/2020
419,CUSTOMER,Gwennie,Stockey,gstockeybm@harvard.edu,F,5/3/2021
420,CUSTOMER,Gaylene,Lie,gliebn@gmpg.org,F,9/21/2020
421,CUSTOMER,Etti,Scrivener,escrivenerbo@webs.com,F,9/25/2020
422,CUSTOMER,Aimil,Bairnsfather,abairnsfatherbp@netvibes.com,F,11/21/2020
423,CUSTOMER,Gayler,Hallward,ghallwardbq@infoseek.co.jp,M,9/7/2020
424,CUSTOMER,Evangelin,Warsop,ewarsopbr@1688.com,F,2/6/2021
425,CUSTOMER,Cesare,Judkins,cjudkinsbs@amazon.co.jp,M,10/20/2020
426,CUSTOMER,Austin,Greson,agresonbt@themeforest.net,M,2/28/2021
427,CUSTOMER,Evyn,Rumble,erumblebu@unblog.fr,M,2/25/2021
428,CUSTOMER,Rene,Battabee,rbattabeebv@tinyurl.com,M,9/18/2020
429,CUSTOMER,Reidar,Dearell,rdearellbw@wiley.com,M,2/12/2021
430,CUSTOMER,Nickolaus,Peat,npeatbx@msn.com,M,4/3/2021
431,CUSTOMER,Dame,Curtin,dcurtinby@plala.or.jp,M,11/18/2020
432,CUSTOMER,Deana,Meader,dmeaderbz@rakuten.co.jp,F,1/17/2021
433,CUSTOMER,Correna,Withur,cwithurc0@ft.com,F,12/5/2020
434,CUSTOMER,Muhammad,Lettsom,mlettsomc1@marketwatch.com,M,5/1/2021
435,CUSTOMER,Norris,Hruska,nhruskac2@artisteer.com,M,11/10/2020
436,CUSTOMER,Teddy,Jimpson,tjimpsonc3@earthlink.net,M,10/15/2020
437,CUSTOMER,Ninnette,Dallosso,ndallossoc4@blinklist.com,F,2/23/2021
438,CUSTOMER,Aggie,Salling,asallingc5@vk.com,F,2/1/2021
439,CUSTOMER,Ingaberg,Betterton,ibettertonc6@mac.com,F,9/11/2020
440,CUSTOMER,Papagena,Corteis,pcorteisc7@example.com,F,6/21/2021
441,CUSTOMER,Angelico,Dundon,adundonc8@economist.com,M,3/27/2021
442,CUSTOMER,Melamie,Giannini,mgianninic9@geocities.com,F,1/31/2021
443,CUSTOMER,Tulley,Sadlier,tsadlierca@phpbb.com,M,1/6/2021
444,CUSTOMER,Truman,Bentley,tbentleycb@tamu.edu,M,5/2/2021
445,CUSTOMER,Rochelle,Wield,rwieldcc@house.gov,F,9/19/2020
446,CUSTOMER,Cristabel,Schoales,cschoalescd@hp.com,F,6/9/2021
447,CUSTOMER,Marybeth,Charlson,mcharlsonce@tamu.edu,F,7/17/2021
448,CUSTOMER,Bendick,Nunnery,bnunnerycf@gnu.org,M,3/11/2021
449,CUSTOMER,Isaac,Johnke,ijohnkecg@reddit.com,M,11/22/2020
450,CUSTOMER,Hunt,Emerson,hemersonch@wired.com,M,7/28/2020
451,CUSTOMER,Maggi,Alp,malpci@purevolume.com,F,11/7/2020
452,CUSTOMER,Trever,Chew,tchewcj@answers.com,M,3/20/2021
453,CUSTOMER,Maynard,Claughton,mclaughtonck@army.mil,M,10/2/2020
454,CUSTOMER,Blithe,Whittuck,bwhittuckcl@guardian.co.uk,F,10/12/2020
455,CUSTOMER,Nickolas,Peacop,npeacopcm@hud.gov,M,4/1/2021
456,CUSTOMER,Wendell,Ghilardini,wghilardinicn@seattletimes.com,M,3/14/2021
457,CUSTOMER,Olivie,Kisby,okisbyco@goodreads.com,F,4/8/2021
458,CUSTOMER,Tiffany,Arter,tartercp@statcounter.com,F,11/11/2020
459,CUSTOMER,Clem,Eaken,ceakencq@ft.com,M,5/12/2021
460,CUSTOMER,Jeanine,Blanc,jblanccr@home.pl,F,12/7/2020
461,CUSTOMER,Cross,Romi,cromics@ibm.com,M,1/19/2021
462,CUSTOMER,Hurleigh,Lanyon,hlanyonct@rediff.com,M,10/9/2020
463,CUSTOMER,Corbet,Quigley,cquigleycu@hhs.gov,M,1/23/2021
464,CUSTOMER,Paco,Packe,ppackecv@usda.gov,M,2/5/2021
465,CUSTOMER,Ode,Ortell,oortellcw@diigo.com,M,7/31/2020
466,CUSTOMER,Salvatore,Grasha,sgrashacx@aboutads.info,M,6/24/2021
467,CUSTOMER,Winthrop,Damiata,wdamiatacy@disqus.com,M,10/10/2020
468,CUSTOMER,Zane,O'Hallihane,zohallihanecz@fotki.com,M,4/14/2021
469,CUSTOMER,Shandee,Brecon,sbrecond0@php.net,F,10/12/2020
470,CUSTOMER,Lisle,Brownsworth,lbrownsworthd1@ihg.com,M,7/8/2021
471,CUSTOMER,Kim,Crighton,kcrightond2@slideshare.net,F,7/11/2021
472,CUSTOMER,Nanete,Deniske,ndenisked3@bluehost.com,F,3/8/2021
473,CUSTOMER,Gregor,Esch,geschd4@wisc.edu,M,5/4/2021
474,CUSTOMER,Gard,Goulbourn,ggoulbournd5@forbes.com,M,10/4/2020
475,CUSTOMER,Jacquette,Dashkovich,jdashkovichd6@163.com,F,11/19/2020
476,CUSTOMER,Tobi,Inglesant,tinglesantd7@amazon.de,F,12/27/2020
477,CUSTOMER,Luigi,Dunklee,ldunkleed8@clickbank.net,M,2/9/2021
478,CUSTOMER,Immanuel,Denny,idennyd9@gov.uk,M,8/17/2020
479,CUSTOMER,Danika,Coxhell,dcoxhellda@arstechnica.com,F,10/7/2020
480,CUSTOMER,Town,Jobbings,tjobbingsdb@altervista.org,M,9/12/2020
481,CUSTOMER,Jessa,O'Rudden,joruddendc@dion.ne.jp,F,12/12/2020
482,CUSTOMER,Traver,Ormes,tormesdd@java.com,M,9/9/2020
483,CUSTOMER,Viola,Tinmouth,vtinmouthde@gmpg.org,F,12/28/2020
484,CUSTOMER,Brok,Gaul,bgauldf@nytimes.com,M,4/30/2021
485,CUSTOMER,Anne-marie,Arents,aarentsdg@topsy.com,F,6/13/2021
486,CUSTOMER,Garret,Tivers,gtiversdh@squidoo.com,M,5/4/2021
487,CUSTOMER,Mariejeanne,Ruddle,mruddledi@ebay.com,F,5/4/2021
488,CUSTOMER,Svend,Aymes,saymesdj@yale.edu,M,7/24/2020
489,CUSTOMER,Ferrell,Mudie,fmudiedk@cyberchimps.com,M,7/7/2021
490,CUSTOMER,Sauveur,Goodram,sgoodramdl@newsvine.com,M,8/22/2020
491,CUSTOMER,Bradan,Culver,bculverdm@weebly.com,M,3/8/2021
492,CUSTOMER,Pier,Ballance,pballancedn@nhs.uk,F,1/28/2021
493,CUSTOMER,Peadar,Gitsham,pgitshamdo@prweb.com,M,8/31/2020
494,CUSTOMER,Anna-maria,Sproat,asproatdp@unicef.org,F,1/18/2021
495,CUSTOMER,Zsa zsa,Pareman,zparemandq@hc360.com,F,8/23/2020
496,CUSTOMER,Hayward,Mackie,hmackiedr@hostgator.com,M,10/31/2020
497,CUSTOMER,Jude,McConachie,jmcconachieds@ebay.com,M,1/28/2021
498,CUSTOMER,Sven,Hannabuss,shannabussdt@dailymail.co.uk,M,4/19/2021
499,CUSTOMER,Ally,Nelthorpe,anelthorpedu@elegantthemes.com,F,1/26/2021
500,CUSTOMER,Eliot,Terren,eterrendv@flavors.me,M,11/25/2020
501,CUSTOMER,Dene,Gledhill,dgledhilldw@linkedin.com,M,9/23/2020
502,CUSTOMER,Glenden,Featherbie,gfeatherbiedx@google.com.au,M,7/20/2020
503,CUSTOMER,Kayle,Tows,ktowsdy@wunderground.com,F,12/5/2020
504,CUSTOMER,Fran,Yeskov,fyeskovdz@cloudflare.com,F,9/4/2020
505,CUSTOMER,Amelia,Davidou,adavidoue0@gnu.org,F,8/17/2020
506,CUSTOMER,Haily,Fonteyne,hfonteynee1@biglobe.ne.jp,M,8/8/2020
507,CUSTOMER,Deloris,Camelin,dcameline2@amazon.co.jp,F,7/27/2020
508,CUSTOMER,Peggie,Titcombe,ptitcombee3@unesco.org,F,3/31/2021
509,CUSTOMER,Morse,Ashlee,mashleee4@google.nl,M,9/24/2020
510,CUSTOMER,Daile,Rizziello,drizzielloe5@businesswire.com,F,3/10/2021
511,CUSTOMER,Tirrell,Birks,tbirkse6@tinyurl.com,M,9/5/2020
512,CUSTOMER,Cyrille,Van der Spohr,cvanderspohre7@fema.gov,M,3/15/2021
513,CUSTOMER,Colas,Toomer,ctoomere8@posterous.com,M,3/9/2021
514,CUSTOMER,Alvira,Foulks,afoulkse9@biblegateway.com,F,9/23/2020
515,CUSTOMER,Maribelle,Swan,mswanea@admin.ch,F,12/21/2020
516,CUSTOMER,Godfry,Badder,gbaddereb@printfriendly.com,M,3/22/2021
517,CUSTOMER,Esmaria,Janaszkiewicz,ejanaszkiewiczec@umn.edu,F,8/12/2020
518,CUSTOMER,Dallas,Easman,deasmaned@gov.uk,F,2/19/2021
519,CUSTOMER,Linea,Harrowell,lharrowellee@baidu.com,F,1/19/2021
520,CUSTOMER,Wini,Giabucci,wgiabuccief@about.me,F,3/14/2021
521,CUSTOMER,Erinn,Dovidian,edovidianeg@house.gov,F,6/22/2021
522,CUSTOMER,Wesley,McLafferty,wmclaffertyeh@tinyurl.com,M,4/30/2021
523,CUSTOMER,Urbano,Cassella,ucassellaei@blogs.com,M,9/27/2020
524,CUSTOMER,Lock,Wloch,lwlochej@yellowpages.com,M,5/12/2021
525,CUSTOMER,Giacobo,Snoding,gsnodingek@cdbaby.com,M,10/3/2020
526,CUSTOMER,Genovera,Pagett,gpagettel@tiny.cc,F,1/16/2021
527,CUSTOMER,Rania,Farish,rfarishem@aboutads.info,F,12/8/2020
528,CUSTOMER,Jewel,McCrostie,jmccrostieen@acquirethisname.com,F,5/27/2021
529,CUSTOMER,William,Tuting,wtutingeo@about.me,M,2/1/2021
530,CUSTOMER,Erie,Nursey,enurseyep@sourceforge.net,M,5/3/2021
531,CUSTOMER,Leanna,Rodinger,lrodingereq@nydailynews.com,F,3/7/2021
532,CUSTOMER,Janean,Wilsey,jwilseyer@addtoany.com,F,3/8/2021
533,CUSTOMER,Dorothea,Swindall,dswindalles@booking.com,F,4/5/2021
534,CUSTOMER,Leanora,Kitney,lkitneyet@goo.gl,F,12/6/2020
535,CUSTOMER,Melba,Mathivon,mmathivoneu@blogger.com,F,10/15/2020
536,CUSTOMER,Hinda,Parton,hpartonev@clickbank.net,F,5/1/2021
537,CUSTOMER,Fidelio,Thorburn,fthorburnew@yelp.com,M,3/9/2021
538,CUSTOMER,Woodie,Eglaise,weglaiseex@yellowbook.com,M,3/12/2021
539,CUSTOMER,Pavlov,Arney,parneyey@amazon.co.uk,M,6/12/2021
540,CUSTOMER,Cosetta,O'Neil,coneilez@ted.com,F,5/12/2021
541,CUSTOMER,Hillary,Widmore,hwidmoref0@comsenz.com,F,11/25/2020
542,CUSTOMER,Hurley,Spencock,hspencockf1@ca.gov,M,4/7/2021
543,CUSTOMER,Thekla,Bytheway,tbythewayf2@go.com,F,9/5/2020
544,CUSTOMER,Gorden,Gauche,ggauchef3@arizona.edu,M,11/21/2020
545,CUSTOMER,Colly,Leaton,cleatonf4@bluehost.com,F,4/22/2021
546,CUSTOMER,Roze,Reisenstein,rreisensteinf5@tinypic.com,F,3/11/2021
547,CUSTOMER,Byrann,Stovold,bstovoldf6@census.gov,M,9/12/2020
548,CUSTOMER,Bernadette,Touzey,btouzeyf7@blogs.com,F,7/26/2020
549,CUSTOMER,Devan,Gouch,dgouchf8@ft.com,F,9/23/2020
550,CUSTOMER,Petra,Brunon,pbrunonf9@eepurl.com,F,3/17/2021
551,CUSTOMER,Hurleigh,Thiolier,hthiolierfa@senate.gov,M,2/11/2021
552,CUSTOMER,Yul,Bagnold,ybagnoldfb@1und1.de,M,8/18/2020
553,CUSTOMER,Barde,Grindlay,bgrindlayfc@forbes.com,M,4/30/2021
554,CUSTOMER,Jemie,Beeze,jbeezefd@mapquest.com,F,11/29/2020
555,CUSTOMER,Rufus,Fillgate,rfillgatefe@joomla.org,M,3/7/2021
556,CUSTOMER,Lesley,Abramsky,labramskyff@biblegateway.com,M,8/7/2020
557,CUSTOMER,Jarrad,Cannings,jcanningsfg@yolasite.com,M,11/25/2020
558,CUSTOMER,Angelo,Boydle,aboydlefh@freewebs.com,M,12/7/2020
559,CUSTOMER,Riley,Potteridge,rpotteridgefi@patch.com,M,9/21/2020
560,CUSTOMER,Sherman,Nono,snonofj@printfriendly.com,M,5/18/2021
561,CUSTOMER,Gawen,Hamshere,ghamsherefk@wikimedia.org,M,9/26/2020
562,CUSTOMER,Neall,Habbema,nhabbemafl@homestead.com,M,1/11/2021
563,CUSTOMER,Swen,Campbell-Dunlop,scampbelldunlopfm@accuweather.com,M,3/29/2021
564,CUSTOMER,Dotti,Spavon,dspavonfn@java.com,F,10/28/2020
565,CUSTOMER,Kelwin,Beaument,kbeaumentfo@people.com.cn,M,8/6/2020
566,CUSTOMER,Colet,Mardy,cmardyfp@abc.net.au,M,10/14/2020
567,CUSTOMER,Guthry,Boult,gboultfq@disqus.com,M,4/1/2021
568,CUSTOMER,Courtenay,Jorgensen,cjorgensenfr@cnbc.com,F,5/12/2021
569,CUSTOMER,Lauren,Yuryatin,lyuryatinfs@pagesperso-orange.fr,F,3/14/2021
570,CUSTOMER,Koressa,Zaple,kzapleft@pen.io,F,9/23/2020
571,CUSTOMER,Duncan,Jiricka,djirickafu@icq.com,M,9/3/2020
572,CUSTOMER,Omero,Mapledorum,omapledorumfv@github.io,M,6/18/2021
573,CUSTOMER,Emmott,Costain,ecostainfw@state.gov,M,11/16/2020
574,CUSTOMER,Daffi,Cartwright,dcartwrightfx@unicef.org,F,6/5/2021
575,CUSTOMER,Loutitia,Dane,ldanefy@vinaora.com,F,12/9/2020
576,CUSTOMER,Orville,Snasel,osnaselfz@bloglovin.com,M,8/4/2020
577,CUSTOMER,Meyer,Shorto,mshortog0@ted.com,M,1/19/2021
578,CUSTOMER,Ignacius,Balfour,ibalfourg1@google.com.au,M,6/21/2021
579,CUSTOMER,Lenee,Dominguez,ldominguezg2@uol.com.br,F,4/15/2021
580,CUSTOMER,Jarvis,Prestland,jprestlandg3@indiegogo.com,M,8/24/2020
581,CUSTOMER,Joela,Frederick,jfrederickg4@amazon.co.uk,F,5/27/2021
582,CUSTOMER,Ripley,Dummett,rdummettg5@creativecommons.org,M,10/2/2020
583,CUSTOMER,Barrie,Devaney,bdevaneyg6@narod.ru,M,9/21/2020
584,CUSTOMER,Codie,Guinane,cguinaneg7@google.ca,F,3/21/2021
585,CUSTOMER,Mario,Noone,mnooneg8@dailymail.co.uk,M,5/7/2021
586,CUSTOMER,Jillene,Botting,jbottingg9@weather.com,F,11/26/2020
587,CUSTOMER,Chip,Conor,cconorga@gov.uk,M,3/21/2021
588,CUSTOMER,Hatty,Posse,hpossegb@rambler.ru,F,5/13/2021
589,CUSTOMER,Terrie,Stanners,tstannersgc@people.com.cn,F,1/7/2021
590,CUSTOMER,Bat,Oller,bollergd@pbs.org,M,2/15/2021
591,CUSTOMER,Farleigh,Biset,fbisetge@ezinearticles.com,M,1/15/2021
592,CUSTOMER,Claudius,Peyntue,cpeyntuegf@tumblr.com,M,9/23/2020
593,CUSTOMER,Dav,Whapham,dwhaphamgg@wunderground.com,M,2/7/2021
594,CUSTOMER,Ethelyn,Montez,emontezgh@wufoo.com,F,1/17/2021
595,CUSTOMER,Mignonne,Mayler,mmaylergi@whitehouse.gov,F,6/6/2021
596,CUSTOMER,Celina,Dalston,cdalstongj@trellian.com,F,3/7/2021
597,CUSTOMER,Zsazsa,Fleisch,zfleischgk@wix.com,F,9/9/2020
598,CUSTOMER,Susann,Sommerville,ssommervillegl@prweb.com,F,10/28/2020
599,CUSTOMER,Teriann,Minithorpe,tminithorpegm@163.com,F,6/8/2021
600,CUSTOMER,Gerta,Odlin,godlingn@amazon.de,F,3/24/2021
601,CUSTOMER,Othella,Baal,obaalgo@marketwatch.com,F,7/4/2021
602,CUSTOMER,Nixie,Itscowics,nitscowicsgp@independent.co.uk,F,2/2/2021
603,CUSTOMER,Wilmette,Methley,wmethleygq@toplist.cz,F,12/20/2020
604,CUSTOMER,Graehme,Hodgen,ghodgengr@seesaa.net,M,7/12/2021
605,CUSTOMER,Ahmad,Ber,abergs@wordpress.org,M,7/28/2020
606,CUSTOMER,Marlane,Swigger,mswiggergt@examiner.com,F,5/9/2021
607,CUSTOMER,Darnell,Whiterod,dwhiterodgu@cnbc.com,M,11/22/2020
608,CUSTOMER,Talya,Whitty,twhittygv@unc.edu,F,7/18/2021
609,CUSTOMER,Willa,Muslim,wmuslimgw@myspace.com,F,1/6/2021
610,CUSTOMER,Phylis,Estable,pestablegx@blogs.com,F,7/15/2021
611,CUSTOMER,Sandra,Sellen,ssellengy@dion.ne.jp,F,6/5/2021
612,CUSTOMER,Cirillo,Landall,clandallgz@oracle.com,M,11/29/2020
613,CUSTOMER,Jakob,Yesichev,jyesichevh0@unc.edu,M,8/25/2020
614,CUSTOMER,Pierre,Wrangle,pwrangleh1@is.gd,M,5/4/2021
615,CUSTOMER,Lorain,Brotherwood,lbrotherwoodh2@canalblog.com,F,12/24/2020
616,CUSTOMER,Mae,Castellone,mcastelloneh3@apache.org,F,12/16/2020
617,CUSTOMER,Sydney,Theseira,stheseirah4@mozilla.com,M,12/18/2020
618,CUSTOMER,Nanny,Duplain,nduplainh5@slideshare.net,F,12/29/2020
619,CUSTOMER,Sollie,Chadwen,schadwenh6@discuz.net,M,3/10/2021
620,CUSTOMER,Cris,Lints,clintsh7@etsy.com,M,5/16/2021
621,CUSTOMER,Bram,Corley,bcorleyh8@homestead.com,M,7/24/2020
622,CUSTOMER,Bram,Punchard,bpunchardh9@ihg.com,M,3/1/2021
623,CUSTOMER,Westley,Batchan,wbatchanha@techcrunch.com,M,12/26/2020
624,CUSTOMER,Veronike,Anney,vanneyhb@mapquest.com,F,11/26/2020
625,CUSTOMER,Cyndi,Jeskins,cjeskinshc@tripod.com,F,6/27/2021
626,CUSTOMER,Rip,Southway,rsouthwayhd@over-blog.com,M,5/23/2021
627,CUSTOMER,Freeman,Reisen,freisenhe@narod.ru,M,3/7/2021
628,CUSTOMER,Eddy,Skeete,eskeetehf@tumblr.com,M,8/14/2020
629,CUSTOMER,Sigfrid,Apark,saparkhg@accuweather.com,M,7/8/2021
630,CUSTOMER,Giordano,Hamilton,ghamiltonhh@mediafire.com,M,11/27/2020
631,CUSTOMER,Base,Wintringham,bwintringhamhi@utexas.edu,M,9/6/2020
632,CUSTOMER,Alano,Blakebrough,ablakebroughhj@ca.gov,M,11/4/2020
633,CUSTOMER,Thurston,Tittletross,ttittletrosshk@phoca.cz,M,7/18/2021
634,CUSTOMER,Alexandrina,Hallows,ahallowshl@bloglovin.com,F,2/2/2021
635,CUSTOMER,Ninetta,Bench,nbenchhm@tinyurl.com,F,1/29/2021
636,CUSTOMER,Rand,Spykins,rspykinshn@w3.org,M,7/8/2021
637,CUSTOMER,Lucy,Grece,lgreceho@wix.com,F,11/8/2020
638,CUSTOMER,Hilde,MacNockater,hmacnockaterhp@ustream.tv,F,12/29/2020
639,CUSTOMER,Glori,Reggler,gregglerhq@photobucket.com,F,6/21/2021
640,CUSTOMER,Godart,Braga,gbragahr@etsy.com,M,4/14/2021
641,CUSTOMER,Dion,Southan,dsouthanhs@webmd.com,M,1/13/2021
642,CUSTOMER,Field,Haythorne,fhaythorneht@tmall.com,M,5/9/2021
643,CUSTOMER,Arvy,Cantor,acantorhu@tmall.com,M,10/10/2020
644,CUSTOMER,Raleigh,Fitton,rfittonhv@hostgator.com,M,11/12/2020
645,CUSTOMER,Odille,Spink,ospinkhw@cdbaby.com,F,12/16/2020
646,CUSTOMER,Karolina,Robbey,krobbeyhx@wisc.edu,F,5/23/2021
647,CUSTOMER,Terza,Fuggles,tfuggleshy@bloomberg.com,F,7/24/2020
648,CUSTOMER,Alyse,Drohan,adrohanhz@purevolume.com,F,6/21/2021
649,CUSTOMER,Timoteo,Brookzie,tbrookziei0@wiley.com,M,1/31/2021
650,CUSTOMER,Dev,Milliken,dmillikeni1@plala.or.jp,M,1/19/2021
651,CUSTOMER,Thaddus,Kervin,tkervini2@adobe.com,M,2/6/2021
652,CUSTOMER,Monty,Gouldthorpe,mgouldthorpei3@tmall.com,M,5/14/2021
653,CUSTOMER,Gipsy,Garlinge,ggarlingei4@google.nl,F,12/31/2020
654,CUSTOMER,Lyell,Schiementz,lschiementzi5@aol.com,M,1/21/2021
655,CUSTOMER,Garvin,Gooderridge,ggooderridgei6@tripadvisor.com,M,7/28/2020
656,CUSTOMER,Paolina,Saice,psaicei7@1688.com,F,4/20/2021
657,CUSTOMER,Valli,Philcock,vphilcocki8@drupal.org,F,4/13/2021
658,CUSTOMER,Mommy,Kingswood,mkingswoodi9@google.co.uk,F,8/21/2020
659,CUSTOMER,Perice,Peery,ppeeryia@sphinn.com,M,5/6/2021
660,CUSTOMER,York,Alessandrucci,yalessandrucciib@elegantthemes.com,M,12/25/2020
661,CUSTOMER,Marty,Lening,mleningic@nih.gov,M,2/28/2021
662,CUSTOMER,Mimi,Shallow,mshallowid@infoseek.co.jp,F,5/24/2021
663,CUSTOMER,Tressa,Mc Combe,tmccombeie@cyberchimps.com,F,8/5/2020
664,CUSTOMER,Sandie,Exrol,sexrolif@goodreads.com,F,11/10/2020
665,CUSTOMER,Doy,Stones,dstonesig@tuttocitta.it,M,3/17/2021
666,CUSTOMER,Zandra,Blunden,zblundenih@scribd.com,F,2/20/2021
667,CUSTOMER,Jermayne,Arrigo,jarrigoii@rakuten.co.jp,M,6/11/2021
668,CUSTOMER,Isidro,Towlson,itowlsonij@is.gd,M,3/9/2021
669,CUSTOMER,Bel,Labbett,blabbettik@google.nl,F,7/8/2021
670,CUSTOMER,Fowler,Guye,fguyeil@google.cn,M,6/21/2021
671,CUSTOMER,Brandyn,Hawkins,bhawkinsim@free.fr,M,6/14/2021
672,CUSTOMER,Garry,Cast,gcastin@networksolutions.com,M,2/21/2021
673,CUSTOMER,Newton,Beeckx,nbeeckxio@networkadvertising.org,M,12/23/2020
674,CUSTOMER,Shalna,Gilder,sgilderip@multiply.com,F,3/22/2021
675,CUSTOMER,Daven,Scammell,dscammelliq@nymag.com,M,7/24/2020
676,CUSTOMER,Beale,Crammy,bcrammyir@gizmodo.com,M,1/4/2021
677,CUSTOMER,Corbin,Canwell,ccanwellis@soundcloud.com,M,5/12/2021
678,CUSTOMER,Glen,Blanchflower,gblanchflowerit@google.cn,M,4/6/2021
679,CUSTOMER,Dulciana,Ellor,delloriu@bravesites.com,F,12/14/2020
680,CUSTOMER,Mick,Dedney,mdedneyiv@dmoz.org,M,12/25/2020
681,CUSTOMER,Peadar,Garriock,pgarriockiw@merriam-webster.com,M,5/3/2021
682,CUSTOMER,Alvie,Trengrouse,atrengrouseix@sohu.com,M,1/6/2021
683,CUSTOMER,Jeffy,Feedome,jfeedomeiy@de.vu,M,10/13/2020
684,CUSTOMER,Isiahi,Alexander,ialexanderiz@adobe.com,M,4/1/2021
685,CUSTOMER,Simmonds,Heams,sheamsj0@twitpic.com,M,3/20/2021
686,CUSTOMER,Elspeth,Dods,edodsj1@taobao.com,F,1/19/2021
687,CUSTOMER,Zebulon,Anthill,zanthillj2@de.vu,M,1/5/2021
688,CUSTOMER,Leonid,Plampin,lplampinj3@whitehouse.gov,M,9/5/2020
689,CUSTOMER,Lauren,Leeb,lleebj4@behance.net,M,10/7/2020
690,CUSTOMER,Mariquilla,Hallibone,mhallibonej5@un.org,F,11/26/2020
691,CUSTOMER,Kenneth,Palatini,kpalatinij6@wiley.com,M,4/1/2021
692,CUSTOMER,Gerrie,Sutherley,gsutherleyj7@admin.ch,M,1/8/2021
693,CUSTOMER,Thomas,Ladyman,tladymanj8@mail.ru,M,5/11/2021
694,CUSTOMER,Garey,Leonards,gleonardsj9@japanpost.jp,M,3/24/2021
695,CUSTOMER,Ezra,Wiley,ewileyja@aol.com,M,12/11/2020
696,CUSTOMER,Dick,Draisey,ddraiseyjb@shutterfly.com,M,7/28/2020
697,CUSTOMER,Maryellen,Heinemann,mheinemannjc@yellowpages.com,F,8/7/2020
698,CUSTOMER,Leisha,Salzen,lsalzenjd@princeton.edu,F,9/22/2020
699,CUSTOMER,Stefan,Marchment,smarchmentje@freewebs.com,M,10/11/2020
700,CUSTOMER,Hughie,Greenhalgh,hgreenhalghjf@youtu.be,M,1/21/2021
701,CUSTOMER,Valentine,Posvner,vposvnerjg@washington.edu,M,4/29/2021
702,CUSTOMER,Arther,Poag,apoagjh@weibo.com,M,1/11/2021
703,CUSTOMER,Milissent,Ruberti,mrubertiji@usatoday.com,F,10/5/2020
704,CUSTOMER,Teriann,Verner,tvernerjj@yandex.ru,F,10/15/2020
705,CUSTOMER,Evelina,Adger,eadgerjk@bloomberg.com,F,6/7/2021
706,CUSTOMER,Dell,Holby,dholbyjl@craigslist.org,F,7/9/2021
707,CUSTOMER,Mirabelle,Deniscke,mdenisckejm@blogspot.com,F,1/2/2021
708,CUSTOMER,Jen,Gerbi,jgerbijn@bluehost.com,F,10/7/2020
709,CUSTOMER,Clem,Cattenach,ccattenachjo@sfgate.com,F,5/11/2021
710,CUSTOMER,Minerva,Merit,mmeritjp@hugedomains.com,F,4/26/2021
711,CUSTOMER,Daryn,Cristofaro,dcristofarojq@google.co.jp,F,7/24/2020
712,CUSTOMER,Ross,Mawtus,rmawtusjr@geocities.com,M,6/13/2021
713,CUSTOMER,Janaya,Liggons,jliggonsjs@smh.com.au,F,3/21/2021
714,CUSTOMER,Heda,Picardo,hpicardojt@independent.co.uk,F,5/31/2021
715,CUSTOMER,Bobbette,Basile,bbasileju@opera.com,F,10/7/2020
716,CUSTOMER,Riccardo,Dibdin,rdibdinjv@shutterfly.com,M,10/19/2020
717,CUSTOMER,Dal,Bunnell,dbunnelljw@guardian.co.uk,M,8/4/2020
718,CUSTOMER,Hernando,Miguet,hmiguetjx@xinhuanet.com,M,9/8/2020
719,CUSTOMER,Richard,Bridie,rbridiejy@ebay.com,M,3/3/2021
720,CUSTOMER,Gerianne,Attkins,gattkinsjz@seattletimes.com,F,1/8/2021
721,CUSTOMER,Emalia,Rasell,erasellk0@hexun.com,F,1/22/2021
722,CUSTOMER,Amandi,Blundin,ablundink1@unblog.fr,F,12/25/2020
723,CUSTOMER,Hildegaard,Buten,hbutenk2@dedecms.com,F,1/5/2021
724,CUSTOMER,Cyndi,Mallett,cmallettk3@networksolutions.com,F,1/25/2021
725,CUSTOMER,Arielle,Baiden,abaidenk4@wsj.com,F,11/14/2020
726,CUSTOMER,Nannie,Ghiotto,nghiottok5@digg.com,F,11/19/2020
727,CUSTOMER,Robert,Bourrel,rbourrelk6@eventbrite.com,M,8/8/2020
728,CUSTOMER,Chester,Cotta,ccottak7@accuweather.com,M,6/9/2021
729,CUSTOMER,Sheryl,Coleridge,scoleridgek8@com.com,F,8/9/2020
730,CUSTOMER,Alfy,Coucha,acouchak9@topsy.com,F,9/20/2020
731,CUSTOMER,Tedi,Perrin,tperrinka@blinklist.com,F,2/25/2021
732,CUSTOMER,Kurt,Siggs,ksiggskb@hexun.com,M,11/1/2020
733,CUSTOMER,Sargent,Alabastar,salabastarkc@engadget.com,M,6/29/2021
734,CUSTOMER,Kevin,Della,kdellakd@ezinearticles.com,M,10/27/2020
735,CUSTOMER,Deeann,Silwood,dsilwoodke@cargocollective.com,F,6/15/2021
736,CUSTOMER,Wanids,Bruce,wbrucekf@usda.gov,F,3/24/2021
737,CUSTOMER,Neal,Aubury,nauburykg@sphinn.com,M,3/22/2021
738,CUSTOMER,Lucille,Hoyer,lhoyerkh@si.edu,F,10/5/2020
739,CUSTOMER,Meridith,Ungaretti,mungarettiki@xinhuanet.com,F,6/11/2021
740,CUSTOMER,Pam,Takos,ptakoskj@live.com,F,7/7/2021
741,CUSTOMER,Jean,Sangar,jsangarkk@de.vu,F,1/12/2021
742,CUSTOMER,Hi,Luton,hlutonkl@google.com,M,2/25/2021
743,CUSTOMER,Wynn,Fripp,wfrippkm@sphinn.com,F,5/26/2021
744,CUSTOMER,Lanna,Satford,lsatfordkn@cloudflare.com,F,6/18/2021
745,CUSTOMER,Forrest,Klais,fklaisko@aol.com,M,12/2/2020
746,CUSTOMER,Mata,Martinyuk,mmartinyukkp@ibm.com,M,4/1/2021
747,CUSTOMER,Den,McCane,dmccanekq@booking.com,M,4/21/2021
748,CUSTOMER,Bartholomeo,Lomond,blomondkr@webs.com,M,4/10/2021
749,CUSTOMER,Abelard,Truss,atrussks@hc360.com,M,9/28/2020
750,CUSTOMER,Yancey,Zealy,yzealykt@google.ru,M,10/27/2020
751,CUSTOMER,Bryana,Woodstock,bwoodstockku@fda.gov,F,5/23/2021
752,CUSTOMER,Myra,Crab,mcrabkv@pagesperso-orange.fr,F,12/27/2020
753,CUSTOMER,Mauricio,Holdren,mholdrenkw@illinois.edu,M,8/21/2020
754,CUSTOMER,Stillmann,Hesbrook,shesbrookkx@cbc.ca,M,11/22/2020
755,CUSTOMER,Riva,Enderlein,renderleinky@linkedin.com,F,11/10/2020
756,CUSTOMER,Gayle,Edgell,gedgellkz@wired.com,M,12/30/2020
757,CUSTOMER,Lennard,McQuilkin,lmcquilkinl0@nature.com,M,8/1/2020
758,CUSTOMER,Ulrikaumeko,Kenen,ukenenl1@goo.ne.jp,F,9/29/2020
759,CUSTOMER,Yorker,Domenc,ydomencl2@bloglines.com,M,7/22/2020
760,CUSTOMER,Gwennie,Ubsdell,gubsdelll3@shop-pro.jp,F,2/10/2021
761,CUSTOMER,Ulrich,Gainsbury,ugainsburyl4@edublogs.org,M,12/26/2020
762,CUSTOMER,Kali,Creber,kcreberl5@nifty.com,F,9/5/2020
763,CUSTOMER,Tatiana,Drejer,tdrejerl6@networksolutions.com,F,5/1/2021
764,CUSTOMER,Claretta,Stables,cstablesl7@cpanel.net,F,3/19/2021
765,CUSTOMER,Terencio,Joblin,tjoblinl8@slate.com,M,6/18/2021
766,CUSTOMER,Dniren,Pourveer,dpourveerl9@zimbio.com,F,8/19/2020
767,CUSTOMER,Olly,Hebburn,ohebburnla@foxnews.com,M,2/18/2021
768,CUSTOMER,Bernette,Dorian,bdorianlb@google.ru,F,3/6/2021
769,CUSTOMER,Gerri,Monteith,gmonteithlc@taobao.com,F,3/29/2021
770,CUSTOMER,Amabel,Tongs,atongsld@mac.com,F,12/8/2020
771,CUSTOMER,Salmon,Korting,skortingle@friendfeed.com,M,6/23/2021
772,CUSTOMER,Yorgos,Searles,ysearleslf@addtoany.com,M,10/11/2020
773,CUSTOMER,Cece,Selborne,cselbornelg@dropbox.com,M,6/1/2021
774,CUSTOMER,Pearce,Ellaway,pellawaylh@blogs.com,M,1/14/2021
775,CUSTOMER,Haslett,Barz,hbarzli@google.co.jp,M,10/25/2020
776,CUSTOMER,Radcliffe,Dufoure,rdufourelj@ucla.edu,M,7/27/2020
777,CUSTOMER,Johnathon,Slateford,jslatefordlk@symantec.com,M,10/5/2020
778,CUSTOMER,Devin,Scotchmur,dscotchmurll@issuu.com,F,12/6/2020
779,CUSTOMER,Spense,Dillamore,sdillamorelm@weibo.com,M,8/6/2020
780,CUSTOMER,Maggee,Schohier,mschohierln@php.net,F,7/27/2020
781,CUSTOMER,Rozalie,McClosh,rmccloshlo@sfgate.com,F,9/29/2020
782,CUSTOMER,Adina,Dunderdale,adunderdalelp@deliciousdays.com,F,1/17/2021
783,CUSTOMER,Crosby,Sinnie,csinnielq@reference.com,M,3/21/2021
784,CUSTOMER,Richardo,Ainsworth,rainsworthlr@virginia.edu,M,7/14/2021
785,CUSTOMER,Claudianus,Vernon,cvernonls@hatena.ne.jp,M,10/23/2020
786,CUSTOMER,Modesta,Pargiter,mpargiterlt@ox.ac.uk,F,3/27/2021
787,CUSTOMER,Nev,Frankham,nfrankhamlu@netlog.com,M,3/20/2021
788,CUSTOMER,Camila,Carnier,ccarnierlv@youtu.be,F,12/4/2020
789,CUSTOMER,Donia,Berntsson,dberntssonlw@technorati.com,F,5/12/2021
790,CUSTOMER,Micheline,Treadger,mtreadgerlx@qq.com,F,12/19/2020
791,CUSTOMER,Erena,Widger,ewidgerly@gov.uk,F,3/23/2021
792,CUSTOMER,Petunia,Challen,pchallenlz@soundcloud.com,F,5/4/2021
793,CUSTOMER,Sissie,Rappoport,srappoportm0@plala.or.jp,F,1/28/2021
794,CUSTOMER,Oby,Karpov,okarpovm1@dropbox.com,M,2/12/2021
795,CUSTOMER,Torie,Patty,tpattym2@bandcamp.com,F,12/11/2020
796,CUSTOMER,Morissa,Rewbottom,mrewbottomm3@bravesites.com,F,2/20/2021
797,CUSTOMER,Tremayne,Reyna,treynam4@bbc.co.uk,M,3/12/2021
798,CUSTOMER,Rebekah,Dawtry,rdawtrym5@cbslocal.com,F,6/12/2021
799,CUSTOMER,Rex,Haton,rhatonm6@shop-pro.jp,M,3/10/2021
800,CUSTOMER,Noe,Lilian,nlilianm7@ftc.gov,M,5/24/2021
801,CUSTOMER,Molli,Robey,mrobeym8@wikimedia.org,F,3/14/2021
802,CUSTOMER,Jermayne,Sheals,jshealsm9@craigslist.org,M,12/28/2020
803,CUSTOMER,Alexandros,Smouten,asmoutenma@w3.org,M,3/4/2021
804,CUSTOMER,Mavis,Millership,mmillershipmb@networkadvertising.org,F,11/17/2020
805,CUSTOMER,Vernice,Crookes,vcrookesmc@irs.gov,F,5/11/2021
806,CUSTOMER,Mable,Kimmins,mkimminsmd@ihg.com,F,11/15/2020
807,CUSTOMER,Hayes,Fuidge,hfuidgeme@canalblog.com,M,8/24/2020
808,CUSTOMER,Nowell,MacIlurick,nmacilurickmf@google.cn,M,11/4/2020
809,CUSTOMER,Arley,Trythall,atrythallmg@hibu.com,M,11/22/2020
810,CUSTOMER,Haley,Fuchs,hfuchsmh@surveymonkey.com,M,10/24/2020
811,CUSTOMER,Ancell,Tilney,atilneymi@naver.com,M,4/28/2021
812,CUSTOMER,Feodora,Kissell,fkissellmj@google.pl,F,8/27/2020
813,CUSTOMER,Cale,Simenon,csimenonmk@bigcartel.com,M,1/3/2021
814,CUSTOMER,Harrie,Scardifeild,hscardifeildml@aol.com,F,5/8/2021
815,CUSTOMER,Renate,O'Lahy,rolahymm@unc.edu,F,10/28/2020
816,CUSTOMER,Bealle,Dayer,bdayermn@phpbb.com,M,4/6/2021
817,CUSTOMER,Ephrem,Daal,edaalmo@imgur.com,M,11/26/2020
818,CUSTOMER,Sollie,Hannond,shannondmp@paypal.com,M,10/26/2020
819,CUSTOMER,Keefer,Cossell,kcossellmq@rambler.ru,M,3/6/2021
820,CUSTOMER,Dorine,Heard,dheardmr@smh.com.au,F,1/1/2021
821,CUSTOMER,Sterne,Leads,sleadsms@yellowbook.com,M,8/15/2020
822,CUSTOMER,Court,Strass,cstrassmt@un.org,M,5/27/2021
823,CUSTOMER,Currie,Ballsdon,cballsdonmu@barnesandnoble.com,M,3/1/2021
824,CUSTOMER,Andy,Sired,asiredmv@ustream.tv,M,9/17/2020
825,CUSTOMER,Talya,Sigart,tsigartmw@amazon.co.jp,F,4/5/2021
826,CUSTOMER,Dehlia,Albertson,dalbertsonmx@patch.com,F,8/23/2020
827,CUSTOMER,Toni,Sancraft,tsancraftmy@time.com,F,12/9/2020
828,CUSTOMER,Constantino,Denziloe,cdenziloemz@joomla.org,M,6/19/2021
829,CUSTOMER,Winifield,Cavnor,wcavnorn0@businessinsider.com,M,12/3/2020
830,CUSTOMER,Charlie,MacGill,cmacgilln1@jiathis.com,M,2/16/2021
831,CUSTOMER,Amelie,Pashan,apashann2@businesswire.com,F,5/8/2021
832,CUSTOMER,Lowe,Tribble,ltribblen3@sphinn.com,M,1/13/2021
833,CUSTOMER,Demetri,Tolliday,dtollidayn4@ifeng.com,M,1/11/2021
834,CUSTOMER,Kirbie,Grindrod,kgrindrodn5@globo.com,F,6/24/2021
835,CUSTOMER,Dolly,Chadburn,dchadburnn6@mapquest.com,F,11/9/2020
836,CUSTOMER,Dolly,Horning,dhorningn7@artisteer.com,F,9/23/2020
837,CUSTOMER,Tyrus,Mc Mechan,tmcmechann8@xinhuanet.com,M,8/16/2020
838,CUSTOMER,Claire,Trigg,ctriggn9@jimdo.com,M,1/2/2021
839,CUSTOMER,Jared,Imlin,jimlinna@ask.com,M,10/11/2020
840,CUSTOMER,Cloe,Filippello,cfilippellonb@deliciousdays.com,F,9/1/2020
841,CUSTOMER,Paulette,Jouanot,pjouanotnc@discuz.net,F,1/17/2021
842,CUSTOMER,Simeon,Pinshon,spinshonnd@cnn.com,M,10/8/2020
843,CUSTOMER,Lucy,Maseyk,lmaseykne@geocities.com,F,3/18/2021
844,CUSTOMER,Edith,Hessay,ehessaynf@gizmodo.com,F,6/3/2021
845,CUSTOMER,Cybill,Jurkowski,cjurkowsking@nps.gov,F,3/7/2021
846,CUSTOMER,Dannye,Kinnett,dkinnettnh@cpanel.net,F,1/13/2021
847,CUSTOMER,Karalee,Edmeads,kedmeadsni@infoseek.co.jp,F,2/6/2021
848,CUSTOMER,Wyatan,Freeberne,wfreebernenj@hatena.ne.jp,M,10/24/2020
849,CUSTOMER,Odo,Treven,otrevennk@skyrock.com,M,1/25/2021
850,CUSTOMER,Yelena,Dashkovich,ydashkovichnl@oaic.gov.au,F,11/29/2020
851,CUSTOMER,Bren,Watting,bwattingnm@smh.com.au,F,10/23/2020
852,CUSTOMER,Teri,Sigward,tsigwardnn@deliciousdays.com,F,8/10/2020
853,CUSTOMER,Germayne,Paolicchi,gpaolicchino@tripod.com,M,7/29/2020
854,CUSTOMER,Rayna,Boness,rbonessnp@netlog.com,F,10/3/2020
855,CUSTOMER,Dorie,Harvard,dharvardnq@mtv.com,M,9/17/2020
856,CUSTOMER,Jennine,Brogini,jbrogininr@ameblo.jp,F,11/11/2020
857,CUSTOMER,Eal,Maypes,emaypesns@craigslist.org,M,8/29/2020
858,CUSTOMER,Devonna,Carmichael,dcarmichaelnt@nymag.com,F,5/31/2021
859,CUSTOMER,Del,Egdell,degdellnu@theatlantic.com,M,8/7/2020
860,CUSTOMER,Thadeus,O'Halloran,tohallorannv@feedburner.com,M,8/21/2020
861,CUSTOMER,Artair,Shewsmith,ashewsmithnw@scribd.com,M,7/15/2021
862,CUSTOMER,Binny,Jobke,bjobkenx@spiegel.de,F,7/27/2020
863,CUSTOMER,Marlowe,Arnfield,marnfieldny@zdnet.com,M,11/8/2020
864,CUSTOMER,Glynis,Nobles,gnoblesnz@hugedomains.com,F,7/12/2021
865,CUSTOMER,Mallissa,Archard,marchardo0@auda.org.au,F,10/2/2020
866,CUSTOMER,Barris,Ketley,bketleyo1@tripod.com,M,4/23/2021
867,CUSTOMER,Catriona,Courteney,ccourteneyo2@cargocollective.com,F,4/1/2021
868,CUSTOMER,Melly,Mewton,mmewtono3@miitbeian.gov.cn,F,6/20/2021
869,CUSTOMER,Shermy,Macewan,smacewano4@vistaprint.com,M,5/1/2021
870,CUSTOMER,Cindee,Baumford,cbaumfordo5@ustream.tv,F,7/6/2021
871,CUSTOMER,Davon,Glamart,dglamarto6@woothemes.com,M,7/19/2020
872,CUSTOMER,Adelaide,Rupert,aruperto7@surveymonkey.com,F,3/26/2021
873,CUSTOMER,Teddy,Besque,tbesqueo8@alibaba.com,M,1/29/2021
874,CUSTOMER,Maxine,Aizkovitch,maizkovitcho9@slideshare.net,F,10/5/2020
875,CUSTOMER,Field,Norbury,fnorburyoa@squarespace.com,M,7/2/2021
876,CUSTOMER,Rosemary,Ivetts,rivettsob@people.com.cn,F,3/26/2021
877,CUSTOMER,Webster,Morais,wmoraisoc@yandex.ru,M,10/22/2020
878,CUSTOMER,Jillene,Bream,jbreamod@rambler.ru,F,5/12/2021
879,CUSTOMER,Reinhold,Elwel,relweloe@gnu.org,M,2/19/2021
880,CUSTOMER,Vernen,Sibbson,vsibbsonof@w3.org,M,6/8/2021
881,CUSTOMER,Babb,Umney,bumneyog@paypal.com,F,2/19/2021
882,CUSTOMER,Goddard,McKane,gmckaneoh@hc360.com,M,2/19/2021
883,CUSTOMER,Wallis,Berrigan,wberriganoi@craigslist.org,M,3/3/2021
884,CUSTOMER,Skipp,Lamball,slamballoj@utexas.edu,M,6/22/2021
885,CUSTOMER,Konrad,Ellam,kellamok@histats.com,M,7/9/2021
886,CUSTOMER,Nikolai,Gregolotti,ngregolottiol@t.co,M,11/15/2020
887,CUSTOMER,Ahmed,Magson,amagsonom@printfriendly.com,M,6/25/2021
888,CUSTOMER,Raddy,Brignall,rbrignallon@cafepress.com,M,6/27/2021
889,CUSTOMER,Webb,Brickwood,wbrickwoodoo@paginegialle.it,M,6/5/2021
890,CUSTOMER,Dominique,Gouldthorpe,dgouldthorpeop@ifeng.com,F,7/7/2021
891,CUSTOMER,Verene,Roggeman,vroggemanoq@bluehost.com,F,6/10/2021
892,CUSTOMER,Jeramey,Andric,jandricor@google.ca,M,11/20/2020
893,CUSTOMER,Hymie,Samudio,hsamudioos@illinois.edu,M,5/8/2021
894,CUSTOMER,Vida,Serle,vserleot@imgur.com,F,6/22/2021
895,CUSTOMER,Darb,Packwood,dpackwoodou@samsung.com,F,6/16/2021
896,CUSTOMER,Avril,Vasnetsov,avasnetsovov@google.com.hk,F,9/30/2020
897,CUSTOMER,Ki,Ashness,kashnessow@exblog.jp,F,3/28/2021
898,CUSTOMER,Ole,Cramphorn,ocramphornox@reddit.com,M,7/23/2020
899,CUSTOMER,Marian,Cianelli,mcianellioy@nytimes.com,F,4/15/2021
900,CUSTOMER,Donavon,Flint,dflintoz@cbsnews.com,M,8/1/2020
901,CUSTOMER,Maxim,Gemlett,mgemlettp0@dropbox.com,M,3/15/2021
902,CUSTOMER,Xenia,Bonder,xbonderp1@t.co,F,8/27/2020
903,CUSTOMER,Judie,Elflain,jelflainp2@sphinn.com,F,9/23/2020
904,CUSTOMER,Otho,Enright,oenrightp3@dropbox.com,M,9/15/2020
905,CUSTOMER,Heall,Yakubov,hyakubovp4@cbc.ca,M,7/21/2020
906,CUSTOMER,Johnath,Espinay,jespinayp5@salon.com,F,10/29/2020
907,CUSTOMER,Jacquelynn,Abry,jabryp6@usgs.gov,F,1/13/2021
908,CUSTOMER,Barbra,Snow,bsnowp7@ehow.com,F,12/4/2020
909,CUSTOMER,Rosemaria,Hinchshaw,rhinchshawp8@bloglines.com,F,4/30/2021
910,CUSTOMER,Ludvig,Deakins,ldeakinsp9@mayoclinic.com,M,11/30/2020
911,CUSTOMER,Palmer,Mannering,pmanneringpa@paginegialle.it,M,9/18/2020
912,CUSTOMER,Denise,Edger,dedgerpb@senate.gov,F,3/27/2021
913,CUSTOMER,Barbabas,Ramsell,bramsellpc@twitter.com,M,11/21/2020
914,CUSTOMER,Jessalyn,Dengel,jdengelpd@dell.com,F,3/24/2021
915,CUSTOMER,Myrtle,Brundale,mbrundalepe@facebook.com,F,3/28/2021
916,CUSTOMER,Marven,Dawley,mdawleypf@imgur.com,M,5/29/2021
917,CUSTOMER,Waverly,Barg,wbargpg@dion.ne.jp,M,2/24/2021
918,CUSTOMER,Andros,Clewlowe,aclewloweph@deviantart.com,M,10/24/2020
919,CUSTOMER,Cathe,Coslitt,ccoslittpi@eepurl.com,F,2/16/2021
920,CUSTOMER,Johan,Bowcher,jbowcherpj@loc.gov,M,8/14/2020
921,CUSTOMER,Randolf,Hounson,rhounsonpk@nydailynews.com,M,7/3/2021
922,CUSTOMER,Danila,Rosetti,drosettipl@miibeian.gov.cn,F,7/20/2020
923,CUSTOMER,Farris,Forsey,fforseypm@examiner.com,M,6/28/2021
924,CUSTOMER,Dirk,Walkinshaw,dwalkinshawpn@seattletimes.com,M,11/6/2020
925,CUSTOMER,Dudley,Stit,dstitpo@goo.ne.jp,M,11/5/2020
926,CUSTOMER,Fan,Fattorini,ffattorinipp@opera.com,F,6/10/2021
927,CUSTOMER,Lanette,Triggel,ltriggelpq@ox.ac.uk,F,3/7/2021
928,CUSTOMER,Gillan,Ormond,gormondpr@cbsnews.com,F,12/11/2020
929,CUSTOMER,Frazer,Gamblin,fgamblinps@wordpress.com,M,2/25/2021
930,CUSTOMER,Brynn,von Nassau,bvonnassaupt@sohu.com,F,11/26/2020
931,CUSTOMER,Iain,Disdel,idisdelpu@bravesites.com,M,9/19/2020
932,CUSTOMER,Ives,Bramsom,ibramsompv@nyu.edu,M,8/22/2020
933,CUSTOMER,Dorette,Boothman,dboothmanpw@ted.com,F,9/27/2020
934,CUSTOMER,Adolph,Overal,aoveralpx@weibo.com,M,6/13/2021
935,CUSTOMER,Matthaeus,Leng,mlengpy@mozilla.org,M,2/8/2021
936,CUSTOMER,Walther,Runacres,wrunacrespz@example.com,M,3/16/2021
937,CUSTOMER,Leyla,Taphouse,ltaphouseq0@nbcnews.com,F,10/12/2020
938,CUSTOMER,Barbette,Snasel,bsnaselq1@earthlink.net,F,9/30/2020
939,CUSTOMER,Auguste,McMearty,amcmeartyq2@yahoo.com,F,8/2/2020
940,CUSTOMER,Rikki,Pow,rpowq3@eventbrite.com,F,4/27/2021
941,CUSTOMER,Averil,Beaulieu,abeaulieuq4@mozilla.org,F,7/14/2021
942,CUSTOMER,Leonie,Annand,lannandq5@comcast.net,F,5/7/2021
943,CUSTOMER,Val,Battson,vbattsonq6@shop-pro.jp,F,10/1/2020
944,CUSTOMER,Patricia,Hackey,phackeyq7@amazon.de,F,4/25/2021
945,CUSTOMER,Darrel,Perone,dperoneq8@feedburner.com,M,3/4/2021
946,CUSTOMER,Alys,Treffry,atreffryq9@upenn.edu,F,1/16/2021
947,CUSTOMER,Thatch,Abelson,tabelsonqa@mac.com,M,1/16/2021
948,CUSTOMER,Harrietta,O'Lochan,holochanqb@illinois.edu,F,2/26/2021
949,CUSTOMER,Nicolea,Edinburgh,nedinburghqc@google.ca,F,5/23/2021
950,CUSTOMER,Ambur,Capstaff,acapstaffqd@bing.com,F,4/8/2021
951,CUSTOMER,Elie,Tuck,etuckqe@mozilla.org,F,3/2/2021
952,CUSTOMER,Duke,Jukubczak,djukubczakqf@sohu.com,M,6/11/2021
953,CUSTOMER,Norma,Poletto,npolettoqg@psu.edu,F,8/22/2020
954,CUSTOMER,Sandye,Batho,sbathoqh@economist.com,F,2/28/2021
955,CUSTOMER,Currie,Mulliner,cmullinerqi@opera.com,M,7/19/2020
956,CUSTOMER,Adara,Hunnybun,ahunnybunqj@uiuc.edu,F,11/12/2020
957,CUSTOMER,Teodora,Thouless,tthoulessqk@jimdo.com,F,5/21/2021
958,CUSTOMER,Thedrick,Ingyon,tingyonql@storify.com,M,6/7/2021
959,CUSTOMER,Winifield,Corstan,wcorstanqm@github.io,M,12/9/2020
960,CUSTOMER,Marcellus,Rupert,mrupertqn@yolasite.com,M,7/8/2021
961,CUSTOMER,Artemis,Pullinger,apullingerqo@flickr.com,M,9/8/2020
962,CUSTOMER,Jorge,Smithers,jsmithersqp@nhs.uk,M,6/15/2021
963,CUSTOMER,Caz,Scrafton,cscraftonqq@salon.com,M,10/5/2020
964,CUSTOMER,Holly-anne,Ramelot,hramelotqr@discovery.com,F,11/22/2020
965,CUSTOMER,Kelbee,Ferschke,kferschkeqs@4shared.com,M,3/12/2021
966,CUSTOMER,Delia,Glader,dgladerqt@addtoany.com,F,1/15/2021
967,CUSTOMER,Lucias,Grayshan,lgrayshanqu@skype.com,M,10/17/2020
968,CUSTOMER,Adriano,Dunford,adunfordqv@mail.ru,M,1/17/2021
969,CUSTOMER,Vaughan,Rhelton,vrheltonqw@topsy.com,M,10/9/2020
970,CUSTOMER,Parke,Wareham,pwarehamqx@discovery.com,M,3/25/2021
971,CUSTOMER,Hastings,Ashfull,hashfullqy@chron.com,M,1/14/2021
972,CUSTOMER,Ramsey,Bessey,rbesseyqz@wufoo.com,M,9/17/2020
973,CUSTOMER,Sumner,Skews,sskewsr0@scientificamerican.com,M,3/24/2021
974,CUSTOMER,Luca,Le Estut,lleestutr1@chronoengine.com,M,6/10/2021
975,CUSTOMER,Callie,Fawloe,cfawloer2@yale.edu,F,3/9/2021
976,CUSTOMER,Consuelo,Rennix,crennixr3@acquirethisname.com,F,12/6/2020
977,CUSTOMER,Hobie,Widdows,hwiddowsr4@bandcamp.com,M,8/20/2020
978,CUSTOMER,Penny,Dehmel,pdehmelr5@vk.com,F,11/11/2020
979,CUSTOMER,Julina,Swire,jswirer6@printfriendly.com,F,4/6/2021
980,CUSTOMER,Sumner,Ody,sodyr7@google.com.br,M,5/22/2021
981,CUSTOMER,Kimmi,Vanyukhin,kvanyukhinr8@unicef.org,F,4/29/2021
982,CUSTOMER,Sheff,Scotchmur,sscotchmurr9@tumblr.com,M,4/11/2021
983,CUSTOMER,Zacharias,Almey,zalmeyra@rediff.com,M,12/21/2020
984,CUSTOMER,Drusy,Cosser,dcosserrb@creativecommons.org,F,2/26/2021
985,CUSTOMER,Stanford,Hibbart,shibbartrc@seesaa.net,M,9/12/2020
986,CUSTOMER,Gigi,Secretan,gsecretanrd@washingtonpost.com,F,9/30/2020
987,CUSTOMER,Papageno,Yourell,pyourellre@ox.ac.uk,M,5/14/2021
988,CUSTOMER,Danette,Queenborough,dqueenboroughrf@constantcontact.com,F,12/10/2020
989,CUSTOMER,Dodie,Minmagh,dminmaghrg@ocn.ne.jp,F,3/11/2021
990,CUSTOMER,Collette,Stelle,cstellerh@mac.com,F,9/16/2020
991,CUSTOMER,Trista,Dominetti,tdominettiri@twitpic.com,F,12/26/2020
992,CUSTOMER,Wallas,Collcott,wcollcottrj@time.com,M,6/27/2021
993,CUSTOMER,Jamey,Bailey,jbaileyrk@yahoo.com,M,11/12/2020
994,CUSTOMER,Bobby,Cheeseman,bcheesemanrl@cam.ac.uk,M,1/3/2021
995,CUSTOMER,Tamara,Clutten,tcluttenrm@google.ca,F,11/2/2020
996,CUSTOMER,Fanchon,Muttock,fmuttockrn@ameblo.jp,F,11/11/2020
997,CUSTOMER,Jeanine,Tampin,jtampinro@columbia.edu,F,9/20/2020
998,CUSTOMER,Alli,Barehead,abareheadrp@nyu.edu,F,5/27/2021
999,CUSTOMER,Yankee,McParlin,ymcparlinrq@java.com,M,7/6/2021
1000,CUSTOMER,Arnoldo,Simla,asimlarr@prlog.org,M,6/15/2021
